Address,address,buy_1h,buy_1h_change_percent,buy_24h,buy_24h_change_percent,buy_2h,buy_2h_change_percent,buy_30m,buy_30m_change_percent,buy_4h,buy_4h_change_percent,buy_8h,buy_8h_change_percent,buy_history_1h,buy_history_24h,buy_history_2h,buy_history_30m,buy_history_4h,buy_history_8h,history_12h_price,history_1h_price,history_24h_price,history_2h_price,history_30m_price,history_4h_price,history_6h_price,history_8h_price,holder,last_trade_human_time,last_trade_unix_time,market,price,price_change_12h_percent,price_change_1h_percent,price_change_24h_percent,price_change_2h_percent,price_change_30m_percent,price_change_4h_percent,price_change_6h_percent,price_change_8h_percent,sell_1h,sell_1h_change_percent,sell_24h,sell_24h_change_percent,sell_2h,sell_2h_change_percent,sell_30m,sell_30m_change_percent,sell_4h,sell_4h_change_percent,sell_8h,sell_8h_change_percent,sell_history_1h,sell_history_24h,sell_history_2h,sell_history_30m,sell_history_4h,sell_history_8h,trade_1h,trade_1h_change_percent,trade_24h,trade_24h_change_percent,trade_2h,trade_2h_change_percent,trade_30m,trade_30m_change_percent,trade_4h,trade_4h_change_percent,trade_8h,trade_8h_change_percent,trade_history_1h,trade_history_24h,trade_history_2h,trade_history_30m,trade_history_4h,trade_history_8h,unique_wallet_1h,unique_wallet_1h_change_percent,unique_wallet_24h,unique_wallet_24h_change_percent,unique_wallet_2h,unique_wallet_2h_change_percent,unique_wallet_30m,unique_wallet_30m_change_percent,unique_wallet_4h,unique_wallet_4h_change_percent,unique_wallet_8h,unique_wallet_8h_change_percent,unique_wallet_history_1h,unique_wallet_history_24h,unique_wallet_history_2h,unique_wallet_history_30m,unique_wallet_history_4h,unique_wallet_history_8h,volume_1h,volume_1h_change_percent,volume_1h_usd,volume_24h,volume_24h_change_percent,volume_24h_usd,volume_2h,volume_2h_change_percent,volume_2h_usd,volume_30m,volume_30m_change_percent,volume_30m_usd,volume_4h,volume_4h_change_percent,volume_4h_usd,volume_8h,volume_8h_change_percent,volume_8h_usd,volume_buy_1h,volume_buy_1h_change_percent,volume_buy_1h_usd,volume_buy_24h,volume_buy_24h_change_percent,volume_buy_24h_usd,volume_buy_2h,volume_buy_2h_change_percent,volume_buy_2h_usd,volume_buy_30m,volume_buy_30m_change_percent,volume_buy_30m_usd,volume_buy_4h,volume_buy_4h_change_percent,volume_buy_4h_usd,volume_buy_8h,volume_buy_8h_change_percent,volume_buy_8h_usd,volume_buy_history_1h,volume_buy_history_1h_usd,volume_buy_history_24h,volume_buy_history_24h_usd,volume_buy_history_2h,volume_buy_history_2h_usd,volume_buy_history_30m,volume_buy_history_30m_usd,volume_buy_history_4h,volume_buy_history_4h_usd,volume_buy_history_8h,volume_buy_history_8h_usd,volume_history_1h,volume_history_1h_usd,volume_history_24h,volume_history_24h_usd,volume_history_2h,volume_history_2h_usd,volume_history_30m,volume_history_30m_usd,volume_history_4h,volume_history_4h_usd,volume_history_8h,volume_history_8h_usd,volume_sell_1h,volume_sell_1h_change_percent,volume_sell_1h_usd,volume_sell_24h,volume_sell_24h_change_percent,volume_sell_24h_usd,volume_sell_2h,volume_sell_2h_change_percent,volume_sell_2h_usd,volume_sell_30m,volume_sell_30m_change_percent,volume_sell_30m_usd,volume_sell_4h,volume_sell_4h_change_percent,volume_sell_4h_usd,volume_sell_8h,volume_sell_8h_change_percent,volume_sell_8h_usd,volume_sell_history_1h,volume_sell_history_1h_usd,volume_sell_history_24h,volume_sell_history_24h_usd,volume_sell_history_2h,volume_sell_history_2h_usd,volume_sell_history_30m,volume_sell_history_30m_usd,volume_sell_history_4h,volume_sell_history_4h_usd,volume_sell_history_8h,volume_sell_history_8h_usd,liquidityAddedAt,Price,Liquidity,Total Supply,Market Cap,Circulating Supply,Circulating Market Cap
9WXNvkvub2Fvg88n8mLD3iywpLmfhRZHZmdf8CGhpump,9WXNvkvub2Fvg88n8mLD3iywpLmfhRZHZmdf8CGhpump,478,,525,,478,,478,,478,,525,,0,0,0,0,0,0,0.00020761060388993299,0.00020761060388993299,0.00020761060388993299,0.00020761060388993299,0.00020761060388993299,0.00020761060388993299,0.00020761060388993299,0.00020761060388993299,380,2024-10-25T23:31:07,1729899067,1,0.0004489771048131411,116.25923551148244,116.25923551148244,116.25923551148244,116.25923551148244,116.25923551148244,116.25923551148244,116.25923551148244,116.25923551148244,453,,500,,453,,453,,453,,500,,0,0,0,0,0,0,931,,1025,,931,,931,,931,,1025,,0,0,0,0,0,0,349,,349,,349,,349,,349,,349,,0,0,0,0,0,0,1469146057.523459,,353998.02265303256,1587663568.1212249,,411153.7338718283,1469146057.523459,,353998.02265303256,1469146057.523459,,353998.02265303256,1469146057.523459,,353998.02265303256,1587663568.1212249,,411153.7338718283,802633002.3981911,,189955.75676790567,857560135.087589,,216478.0999500434,802633002.3981911,,189955.75676790567,802633002.3981911,,189955.75676790567,802633002.3981911,,189955.75676790567,857560135.087589,,216478.0999500434,0,0,0,0,0,0,0,0,0,0,0,0,0,0,0,0,0,0,0,0,0,0,0,0,666513055.125268,,164042.26588512692,730103433.033636,,194675.63392178493,666513055.125268,,164042.26588512692,666513055.125268,,164042.26588512692,666513055.125268,,164042.26588512692,730103433.033636,,194675.63392178493,0,0,0,0,0,0,0,0,0,0,0,0,2024-10-25 23:29:19,0.00047385187924943835,30820.559683633997,1000000000.0,473851.87924943835,1000000000.0,473851.87924943835
CfLyDg38cpMZtF4GrDLrefWa64tcPTdWcB7SQpkNpump,CfLyDg38cpMZtF4GrDLrefWa64tcPTdWcB7SQpkNpump,474,,474,,474,,474,,474,,474,,0,0,0,0,0,0,0.0014601524677283267,0.0014601524677283267,0.0014601524677283267,0.0014601524677283267,0.0014601524677283267,0.0014601524677283267,0.0014601524677283267,0.0014601524677283267,419,2024-10-25T23:30:55,1729899055,1,0.0004889246401986843,-66.51550772917965,-66.51550772917965,-66.51550772917965,-66.51550772917965,-66.51550772917965,-66.51550772917965,-66.51550772917965,-66.51550772917965,202,,202,,202,,202,,202,,202,,0,0,0,0,0,0,676,,676,,676,,676,,676,,676,,0,0,0,0,0,0,347,,347,,347,,347,,347,,347,,0,0,0,0,0,0,528297698.1342432,,388501.2825905549,528297698.1342432,,388501.2825905549,528297698.1342432,,388501.2825905549,528297698.1342432,,388501.2825905549,528297698.1342432,,388501.2825905549,528297698.1342432,,388501.2825905549,330525662.6884202,,206011.70371600759,330525662.6884202,,206011.70371600759,330525662.6884202,,206011.70371600759,330525662.6884202,,206011.70371600759,330525662.6884202,,206011.70371600759,330525662.6884202,,206011.70371600759,0,0,0,0,0,0,0,0,0,0,0,0,0,0,0,0,0,0,0,0,0,0,0,0,197772035.445823,,182489.5788745473,197772035.445823,,182489.5788745473,197772035.445823,,182489.5788745473,197772035.445823,,182489.5788745473,197772035.445823,,182489.5788745473,197772035.445823,,182489.5788745473,0,0,0,0,0,0,0,0,0,0,0,0,2024-10-25 23:12:15,0.0005302219146075958,73414.94607957927,1000000000.0,530221.9146075958,1000000000.0,530221.9146075958
4uGvkTGz3DuHC33q8VnMMBLq4wyqjjW94QjJgVNKpump,4uGvkTGz3DuHC33q8VnMMBLq4wyqjjW94QjJgVNKpump,830,,830,,830,,830,,830,,830,,0,0,0,0,0,0,0.0012296632655731654,0.0012296632655731654,0.0012296632655731654,0.0012296632655731654,0.0012296632655731654,0.0012296632655731654,0.0012296632655731654,0.0012296632655731654,460,2024-10-25T23:30:55,1729899055,1,0.0036495722840604455,196.79444659667232,196.79444659667232,196.79444659667232,196.79444659667232,196.79444659667232,196.79444659667232,196.79444659667232,196.79444659667232,335,,335,,335,,335,,335,,335,,0,0,0,0,0,0,1165,,1165,,1165,,1165,,1165,,1165,,0,0,0,0,0,0,439,,439,,439,,439,,439,,439,,0,0,0,0,0,0,437578873.66264594,,572925.1477689013,437578873.66264594,,572925.1477689013,437578873.66264594,,572925.1477689013,437578873.66264594,,572925.1477689013,437578873.66264594,,572925.1477689013,437578873.66264594,,572925.1477689013,308595614.456042,,329774.56851262297,308595614.456042,,329774.56851262297,308595614.456042,,329774.56851262297,308595614.456042,,329774.56851262297,308595614.456042,,329774.56851262297,308595614.456042,,329774.56851262297,0,0,0,0,0,0,0,0,0,0,0,0,0,0,0,0,0,0,0,0,0,0,0,0,128983259.20660397,,243150.57925627835,128983259.20660397,,243150.57925627835,128983259.20660397,,243150.57925627835,128983259.20660397,,243150.57925627835,128983259.20660397,,243150.57925627835,128983259.20660397,,243150.57925627835,0,0,0,0,0,0,0,0,0,0,0,0,2024-10-25 23:08:12,0.0036877164559359025,199654.92922193703,1000000000.0,3687716.4559359024,1000000000.0,3687716.4559359024
3E5NLE21faVXYRBSp7dMskKKdRK8iCyCFf7WKZKipump,3E5NLE21faVXYRBSp7dMskKKdRK8iCyCFf7WKZKipump,798,,798,,798,,680,476.2711864406779,798,,798,,0,0,0,118,0,0,0.0004579699840592287,0.0004579699840592287,0.0004579699840592287,0.0004579699840592287,0.0004579699840592287,0.0004579699840592287,0.0004579699840592287,0.0004579699840592287,370,2024-10-25T23:26:41,1729898801,1,0.00021897215169717585,-52.18635296656113,-52.18635296656113,-52.18635296656113,-52.18635296656113,-52.18635296656113,-52.18635296656113,-52.18635296656113,-52.18635296656113,529,,529,,529,,476,798.1132075471697,529,,529,,0,0,0,53,0,0,1327,,1327,,1327,,1156,576.0233918128655,1327,,1327,,0,0,0,171,0,0,463,,463,,463,,463,320.9090909090909,463,,463,,0,0,0,110,0,0,3114299096.2785616,,510684.0845280177,3114299096.2785616,,510684.0845280177,3114299096.2785616,,510684.0845280177,2802867795.429872,799.9955328162904,403979.4023284704,3114299096.2785616,,510684.0845280177,3114299096.2785616,,510684.0845280177,1602124618.2361798,,261167.95771382246,1602124618.2361798,,261167.95771382246,1602124618.2361798,,261167.95771382246,1385693596.7276542,540.2472192153224,197828.98487544782,1602124618.2361798,,261167.95771382246,1602124618.2361798,,261167.95771382246,0,0,0,0,0,0,216431021.50852603,63338.972838374684,0,0,0,0,0,0,0,0,0,0,311431300.84869003,106704.68219954733,0,0,0,0,1512174478.0423818,,249516.12681419522,1512174478.0423818,,249516.12681419522,1512174478.0423818,,249516.12681419522,1417174198.7022178,1391.7579280243951,206150.41745302256,1512174478.0423818,,249516.12681419522,1512174478.0423818,,249516.12681419522,0,0,0,0,0,0,95000279.34016399,43365.709361172645,0,0,0,0,2024-10-25 23:00:05,0.00021897215169717585,48867.86053329324,1000000000.0,218972.15169717584,1000000000.0,218972.15169717584
95Cm7gDac2tg9f9ou4M5QkqgpeEFBqoqeqBWNy7ByaE2,95Cm7gDac2tg9f9ou4M5QkqgpeEFBqoqeqBWNy7ByaE2,343,,343,,343,,215,67.96875,343,,343,,0,0,0,128,0,0,3.3212563914435214e-06,3.3212563914435214e-06,3.3212563914435214e-06,3.3212563914435214e-06,0.00048449765664848745,3.3212563914435214e-06,3.3212563914435214e-06,3.3212563914435214e-06,592,2024-10-25T23:30:57,1729899057,1,0.0005872298018818045,17580.953611249995,17580.953611249995,17580.953611249995,17580.953611249995,21.203847701548593,17580.953611249995,17580.953611249995,17580.953611249995,112,,112,,112,,104,1200,112,,112,,0,0,0,8,0,0,455,,455,,455,,319,134.55882352941177,455,,455,,0,0,0,136,0,0,323,,323,,323,,209,74.16666666666667,323,,323,,0,0,0,120,0,0,1008859161.0147624,,76650.72609240716,1008859161.0147624,,76650.72609240716,1008859161.0147624,,76650.72609240716,62540377.492800064,-93.39119347710289,35257.69936204047,1008859161.0147624,,76650.72609240716,1008859161.0147624,,76650.72609240716,972036028.3435234,,56456.47998541375,972036028.3435234,,56456.47998541375,972036028.3435234,,56456.47998541375,34722619.35331382,-96.29551663080107,19500.03283871199,972036028.3435234,,56456.47998541375,972036028.3435234,,56456.47998541375,0,0,0,0,0,0,937313408.9902096,36956.44714670175,0,0,0,0,0,0,0,0,0,0,946318783.5219623,41393.02673036668,0,0,0,0,36823132.67123896,,20194.246106993414,36823132.67123896,,20194.246106993414,36823132.67123896,,20194.246106993414,27817758.139486246,208.9017346408142,15757.66652332848,36823132.67123896,,20194.246106993414,36823132.67123896,,20194.246106993414,0,0,0,0,0,0,9005374.531752719,4436.579583664928,0,0,0,0,2024-10-25 22:31:43,0.0005757602925738313,76348.86396381562,1000000000.0,575760.2925738313,1000000000.0,575760.2925738313
Ds4tykSf8vESCZPDLznadsfPXNgPzU5mVwc3oXXFwX5t,Ds4tykSf8vESCZPDLznadsfPXNgPzU5mVwc3oXXFwX5t,127,10.434782608695652,242,,242,,31,-67.70833333333334,242,,242,,115,0,0,96,0,0,4.2228916320277056e-06,0.0001899371676652826,4.2228916320277056e-06,4.2228916320277056e-06,0.0001623269103530811,4.2228916320277056e-06,4.2228916320277056e-06,4.2228916320277056e-06,90,2024-10-25T23:30:57,1729899057,2,0.0002211480894844703,5136.887629491019,16.432235040057684,5136.887629491019,5136.887629491019,36.236246352158034,5136.887629491019,5136.887629491019,5136.887629491019,164,76.34408602150538,257,,257,,41,-66.66666666666666,257,,257,,93,0,0,123,0,0,291,39.90384615384615,499,,499,,72,-67.12328767123287,499,,499,,208,0,0,219,0,0,91,22.972972972972975,134,,134,,29,-61.33333333333333,134,,134,,74,0,0,75,0,0,959445071.2285173,-91.33092073991122,166580.86871737833,12026884212.610767,,345282.1562318634,12026884212.610767,,345282.1562318634,258629614.20907092,-63.09590326260539,50945.451314724356,12026884212.610767,,345282.1562318634,12026884212.610767,,345282.1562318634,526133115.66017485,-94.71914891721761,91303.7528024879,10489169516.659473,,199916.38511201396,10489169516.659473,,199916.38511201396,155388849.8337854,-58.087322136345534,30471.735307517552,10489169516.659473,,199916.38511201396,10489169516.659473,,199916.38511201396,9963036400.999298,108612.63230952604,0,0,0,0,370744265.8263895,60832.01749497041,0,0,0,0,11067439141.38225,178701.28751448507,0,0,0,0,700815457.0194471,115635.41740265403,0,0,0,0,433311955.5683424,-60.76504161714671,75277.11591489043,1537714695.951295,,145365.77111984944,1537714695.951295,,145365.77111984944,103240764.3752855,-68.72166758870503,20473.716007206804,1537714695.951295,,145365.77111984944,1537714695.951295,,145365.77111984944,1104402740.382952,70088.65520495902,0,0,0,0,330071191.1930576,54803.39990768362,0,0,0,0,2024-10-25 22:16:45,0.00023444797800429784,111887.28170920556,10000000000.0,2344479.7800429785,10000000000.0,2344479.7800429785
BAmHS42JqR51sZ6oqPhj4pcqi6dFFYDka77P4Q22pump,BAmHS42JqR51sZ6oqPhj4pcqi6dFFYDka77P4Q22pump,4753,27.392120075046904,8488,,8484,,1445,-56.3180169286578,8484,,8488,,3731,0,0,3308,0,0,6.521974269479066e-05,0.0014315628916322617,6.521974269479066e-05,6.521974269479066e-05,0.0006053311518482063,6.521974269479066e-05,6.521974269479066e-05,6.521974269479066e-05,1252,2024-10-25T23:31:07,1729899067,2,0.0002889398373138803,343.0251107644418,-79.816476174202,343.0251107644418,343.0251107644418,-52.267476003558585,343.0251107644418,343.0251107644418,343.0251107644418,3963,19.800483675937123,7276,,7271,,1160,-58.61576881912237,7271,,7276,,3308,0,0,2803,0,0,8716,23.8244068759767,15764,,15755,,2605,-57.37195221731304,15755,,15764,,7039,0,0,6111,0,0,2549,32.484407484407484,3427,,3427,,1092,-46.496815286624205,3427,,3427,,1924,0,0,2041,0,0,4556560220.315186,-11.693118256158442,4081839.2528250637,9719376449.020012,,7153721.288494904,9716475427.75366,,7152677.818217111,1807523426.4044201,-34.24884561719362,911446.512367463,9716475427.75366,,7152677.818217111,9719376449.020012,,7153721.288494904,2249603269.8364854,-15.434152240721835,2024822.9957771185,4912128292.5687,,3589302.7740826732,4909782679.661736,,3588457.4455167195,889964892.5211124,-34.544000274663986,450435.2560210744,4909782679.661736,,3588457.4455167195,4912128292.5687,,3589302.7740826732,2660179409.82525,1563634.449739606,0,0,0,0,1359638377.3153713,1574387.7397560426,0,0,0,0,5159915207.438469,3070838.5653920504,0,0,0,0,2749036793.9107685,3170392.7404575967,0,0,0,0,2306956950.4787,-7.711968893616135,2057016.2570479452,4807248156.451313,,3564418.5144122303,4806692748.091925,,3564220.3727003913,917558533.8833077,-33.96001298664878,461011.2563463886,4806692748.091925,,3564220.3727003913,4807248156.451313,,3564418.5144122303,2499735797.613219,1507204.1156524445,0,0,0,0,1389398416.595397,1596005.0007015541,0,0,0,0,2024-10-25 21:58:56,0.00033203271912219664,75739.49014965325,999999998.873576,332032.718748187,999999998.873576,332032.718748187
8wa9yRNKp57Fy4RViUgBV21oR7SsgmrAkN576ThJzY2F,8wa9yRNKp57Fy4RViUgBV21oR7SsgmrAkN576ThJzY2F,530,-21.71344165435746,1553,,1207,248.84393063583815,206,-36.41975308641975,1553,,1553,,677,0,346,324,0,0,0.00032596969437100585,0.0005930824813715648,0.00032596969437100585,0.0006727153315760113,0.0005666182562117914,0.00032596969437100585,0.00032596969437100585,0.00032596969437100585,450,2024-10-25T23:30:55,1729899055,1,0.0005851908136234891,79.52307338038854,-1.3306189267006145,79.52307338038854,-13.010632260673049,3.2777901537919334,79.52307338038854,79.52307338038854,79.52307338038854,283,-22.252747252747252,762,,647,462.6086956521739,107,-39.20454545454545,762,,762,,364,0,115,176,0,0,813,-21.902017291066283,2315,,1854,302.1691973969631,313,-37.4,2315,,2315,,1041,0,461,500,0,0,791,-17.946058091286307,1916,,1738,581.5686274509803,315,-34.375,1916,,1916,,964,0,255,480,0,0,138034850.3281598,-67.68375803879162,82249.77600870877,819065170.3197391,,490311.4424852838,565172543.1757789,122.60297572773533,352261.2440334005,36497449.4606597,-64.05516671803849,21151.294731545073,819065170.3197391,,490311.4424852838,819065170.3197391,,490311.4424852838,69163164.51548007,-67.5238960772327,41315.44362427073,422537085.4866996,,251405.60952390239,282129487.9388792,100.93605536038854,176292.68605164866,18443320.2056398,-63.63687535598025,10717.028601354696,422537085.4866996,,251405.60952390239,422537085.4866996,,251405.60952390239,212966323.4233999,134977.2424273779,0,0,140407597.54782003,75112.92347225349,50719844.309839785,30598.415022916077,0,0,0,0,427137692.84761953,270011.4680246917,0,0,253892627.14396003,138050.19845188304,101537400.86749968,61098.48127716384,0,0,0,0,68871685.81267972,-67.8427205289694,40934.332384438036,396528084.83303946,,238905.83296138147,283043055.2368996,149.41003782099455,175968.55798175183,18054129.2550199,-64.47265378740738,10434.266130190375,396528084.83303946,,238905.83296138147,396528084.83303946,,238905.83296138147,214171369.4242196,135034.2255973138,0,0,113485029.59614,62937.27497962954,50817556.5576599,30500.06625424776,0,0,0,0,2024-10-25 20:57:46,0.0005987224618771467,87090.76638205413,1000000000.0,598722.4618771466,1000000000.0,598722.4618771466
GRpS5quvyxPCx3nARqyyNSyd51D8MwWw1Rb5GT6Zpump,GRpS5quvyxPCx3nARqyyNSyd51D8MwWw1Rb5GT6Zpump,1251,-71.39263663388978,6993,,5624,312.316715542522,505,-32.30563002680965,6988,,6993,,4373,0,1364,746,0,0,0.00014799349669110894,0.00045654277977416293,0.00014799349669110894,0.00040302003782372394,0.00048764014793102107,0.00014799349669110894,0.00014799349669110894,0.00014799349669110894,2809,2024-10-25T23:31:05,1729899065,2,0.00035458602665347885,139.59568128427188,-22.332354740363833,139.59568128427188,-12.017767511457965,-27.28530902184111,139.59568128427188,139.59568128427188,139.59568128427188,761,-63.536176329659796,3748,,2848,216.79644048943268,308,-32.00883002207506,3747,,3748,,2087,0,899,453,0,0,2012,-68.85448916408669,10741,,8472,274.3703049049934,813,-32.19349457881568,10735,,10741,,6460,0,2263,1199,0,0,1116,-63.941841680129244,4087,,3704,452.01192250372577,494,-35,4087,,4087,,3095,0,671,760,0,0,667407577.3693497,-68.79683700791507,280649.56326891884,5653710535.985026,,2611248.831775008,2806317589.5967894,-1.4172207810558475,1584425.920613759,343850262.3022292,6.271824585668615,143563.37984839865,5652978651.326634,,2610984.4968027063,5653710535.985026,,2611248.831775008,331665911.90241617,-68.97135775748069,139930.10297985925,2883263566.465586,,1316307.8110811326,1400568345.0482912,-5.507395164352252,792907.5142207026,165856150.98852155,0.027977891270873603,69495.04238998244,2882767240.384405,,1316128.4317926802,2883263566.465586,,1316307.8110811326,1068902433.1458702,652977.4112408413,0,0,1482198895.336115,523220.91757197917,165809760.91389656,70435.0605898781,0,0,0,0,2138910012.2274332,1303776.3573448393,0,0,2846661061.72985,1026558.5761889498,323557315.0671203,137086.18342052115,0,0,0,0,335741665.4669336,-68.62249651024752,140719.46028905959,2770446969.51944,,1294941.0206938754,1405749244.548498,3.0258866219709644,791518.4063930564,177994111.31370768,12.834783568699915,74068.33745841621,2770211410.9422293,,1294856.0650100263,2770446969.51944,,1294941.0206938754,1070007579.0815631,650798.9461039981,0,0,1364462166.3937347,503337.6586169706,157747554.15322372,66651.12283064306,0,0,0,0,2024-10-25 20:02:20,0.00036084779508579193,65522.834898773115,999831435.974797,360786.9691289666,999831435.974797,360786.9691289666
D7WsH57sJVpNt5YcEE6v1GwSLPGRBLNDfs64hqiSpump,D7WsH57sJVpNt5YcEE6v1GwSLPGRBLNDfs64hqiSpump,54,-39.325842696629216,797,,143,-72.96786389413988,14,-65,672,441.9354838709677,797,,89,0,529,40,124,0,0.00011263996163048499,0.0009991772597048205,0.00011263996163048499,0.0015587278615407495,0.0008912485141732708,0.00011815664432587075,0.00011263996163048499,0.00011263996163048499,214,2024-10-25T23:30:11,1729899011,1,0.00046908022364644894,316.4421017695878,-53.0533527369282,316.4421017695878,-69.90621421350748,-47.36819010783188,296.99859988639037,316.4421017695878,316.4421017695878,72,-25.773195876288657,726,,169,-66.2,36,0,669,1073.6842105263158,726,,97,0,500,36,57,0,126,-32.25806451612903,1523,,312,-69.67930029154519,50,-34.21052631578947,1341,640.8839779005524,1523,,186,0,1029,76,181,0,75,-33.6283185840708,514,,159,-60.545905707196034,36,-21.73913043478261,465,297.43589743589746,514,,113,0,403,46,117,0,51918263.592556775,80.9823943192814,42645.327748206735,875237910.0741127,,443857.2206193875,80605177.47046973,-85.89330673710619,84658.95766298556,26335948.00130601,2.945911629331671,16806.46132566914,652001861.0752187,192.07735125945507,420618.41853298177,875237910.0741127,,443857.2206193875,14115178.822005961,49.760587199879,13252.69763991139,503054669.51302314,,234046.6884797003,23540341.400440075,-93.19423588024284,28132.487295875504,2932048.2729640743,-73.78150724337893,1832.8664800538259,369428635.29682106,176.47878879964244,220603.548851845,503054669.51302314,,234046.6884797003,9425162.578433964,14879.789655964341,0,0,345888293.8963809,192471.06155596965,11183130.549042072,11419.831159857455,133619160.04505399,13439.87559255842,0,0,28686913.877912786,42013.62991477893,0,0,571396683.6047486,335959.4608699965,25582315.591251016,25838.866422537496,223229174.82774597,23235.538051108906,0,0,37803084.77055081,96.25985292195976,29392.630108295347,372183240.5610896,,209810.53213968722,57064836.07002965,-74.69502746934289,56526.47036711005,23403899.728341933,62.536280072358885,14973.594845615316,282573225.7783976,215.3366579211592,200014.86968113677,372183240.5610896,,209810.53213968722,19261751.29947882,27133.84025881459,0,0,225508389.70836774,143488.39931402687,14399185.042208942,14419.03526268004,89610014.78269199,9795.662458550487,0,0,2024-10-25 19:27:17,0.00048689233150489645,72128.80613861646,525690000.0,255954.42974880902,525690000.0,255954.42974880902
132WtubboEXDApeiuD3hfvw8i9DEs9dRUoPVhMH3pump,132WtubboEXDApeiuD3hfvw8i9DEs9dRUoPVhMH3pump,125,-23.78048780487805,692,,289,-12.688821752265861,42,-49.39759036144578,620,761.1111111111111,692,,164,0,331,83,72,0,0.0005989330809786182,0.0010694019301816942,0.0005989330809786182,0.0009121853324095787,0.0011501939035208786,0.0006241416417780253,0.0005989330809786182,0.0005989330809786182,34,2024-10-25T23:30:19,1729899019,1,0.0011867188791572798,98.13880996826178,10.97033263776259,98.13880996826178,30.096246562363405,3.175549402982738,90.1361485474052,98.13880996826178,98.13880996826178,1,,26,,1,-92.85714285714286,0,-100,15,36.36363636363637,26,,0,0,14,1,11,0,126,-23.170731707317074,718,,290,-15.942028985507244,42,-50,635,665.0602409638554,718,,164,0,345,84,83,0,11,0,54,,12,-53.84615384615385,10,-9.090909090909092,28,-33.33333333333333,54,,11,0,26,11,42,0,9087895.37688887,-34.15607903534829,10320.233432836138,63920605.35180087,,54324.022346995946,22890073.68544929,-35.01409321811165,24082.942284758898,2862331.1963597145,-54.02294292761718,3346.441462125578,58113208.69882243,900.6757273763601,50768.230610365245,63920605.35180087,,54324.022346995946,9084459.408027878,-34.180973430886276,10316.35913537495,63367403.78072944,,53952.9563289347,22886637.7165883,-34.525195656441646,24079.06798729771,2862331.1963597145,-53.99755358637467,3346.441462125578,57841515.315760575,946.7369307658723,50569.5854529575,63367403.78072944,,53952.9563289347,13802178.308560487,13762.708851922765,0,0,34954877.59917219,26490.51746565979,6222128.211668171,6969.917673249356,5525888.464968875,3383.3708759772094,0,0,13802178.308560487,13762.708851922765,0,0,35223135.013373055,26685.288325606347,6225564.180529162,6973.791970710543,5807396.6529784445,3555.7917366307115,0,0,3435.9688609909053,3632584341668899,3.8742974611873184,553201.5710714259,,371.0660180612473,3435.968860990877,-98.71915232194921,3.8742974611872896,7.275957614183426e-12,-99.99999999999979,4.263256414560601e-14,271693.3830618568,-3.4865078053710477,198.6451574077451,553201.5710714259,,371.0660180612473,9.458744898438454e-11,4.263256414560601e-14,0,0,268257.4142008659,194.77085994655783,3435.9688609909927,3.8742974611873184,281508.188009569,172.4208606535022,0,0,2024-10-25 19:16:14,0.0011867188791572798,343598.42498770624,206900000.0,245532.1360976412,206900000.0,245532.1360976412
2B5536xgbvqsqAeN3xm4YGSRf5AHYr8wRfjHae9JmSLX,2B5536xgbvqsqAeN3xm4YGSRf5AHYr8wRfjHae9JmSLX,312,-7.964601769911504,1899,,651,84.41926345609065,157,1.2903225806451613,1004,12.304250559284116,1899,,339,0,353,155,894,0,0.0007081088868175686,0.000703747070328734,0.0007081088868175686,0.0008754755693166885,0.0006919834867002195,0.002221951466374907,0.0007081088868175686,0.0007081088868175686,277,2024-10-25T23:30:48,1729899048,1,0.0006607665705662247,-6.685739599189752,-6.107378854512632,-6.685739599189752,-24.524841843164722,-4.511222700248991,-70.2618810282,-6.685739599189752,-6.685739599189752,308,-15.616438356164384,1654,,673,182.77310924369746,150,-5.063291139240507,911,22.611036339165544,1654,,365,0,238,158,743,0,620,-11.931818181818182,3553,,1324,124.02707275803722,307,-1.9169329073482428,1915,16.982284667073916,3553,,704,0,591,313,1637,0,313,-10.315186246418339,1302,,653,177.87234042553192,159,0.6329113924050633,864,56.80580762250453,1302,,349,0,235,158,551,0,96050387.28745921,-36.6076131669904,67423.00385214455,1657902710.7375574,,1646410.1984146575,247567615.27964357,10.527293299330381,194569.7498547951,45998999.16764104,-8.09645667064597,32443.56018157172,471555381.4589675,-60.24824023805104,504315.9491916937,1657902710.7375574,,1646410.1984146575,47313488.86120185,-34.06904382004735,33312.77127217844,897441201.8290997,,836575.7394873078,119075664.93531111,19.64366518255139,93874.24455853032,22514742.519453827,-9.210158412120425,15936.393260562265,218600921.66630808,-67.79328389094871,231327.91033283234,897441201.8290997,,836575.7394873078,71762176.07410988,60561.47328635196,0,0,99525256.73099898,137453.6657743038,24798746.34174881,17376.37801161605,678743281.1408956,605183.3911712532,0,0,151517227.9921853,127146.74600265162,0,0,223987766.17932743,309746.1993368995,50051388.11981904,34979.44367057251,1186250330.2566948,1142029.8112397422,0,0,48736898.42625736,-38.891772678776476,34110.23257996612,760461508.9084579,,809834.4589273497,128491950.34433246,3.2374736086105305,100695.50529626479,23484256.648187216,-7.002772800660809,16507.166921009455,252954459.79265943,-50.157448998320774,272988.0388588613,760461508.9084579,,809834.4589273497,79755051.9180754,66585.27271629966,0,0,124462509.44832844,172292.5335625957,25252641.778070226,17603.065658956464,507507049.1157992,536846.4200684892,0,0,2024-10-25 18:52:46,0.0006628896122234128,87597.40994287592,982409835.065574,651229.2746110853,982409835.065574,651229.2746110853
dracoAfhWox6saRpRcovijFSN1b5HHqHPpRSz19neFh,dracoAfhWox6saRpRcovijFSN1b5HHqHPpRSz19neFh,0,,106,,0,,0,,0,-100,106,,0,0,0,0,106,0,0.37301845848084303,17.54785810812294,0.37301845848084303,17.54785810812294,17.54785810812294,17.54785810812294,17.54785810812294,0.37301845848084303,109,2024-10-25T17:21:06,1729876866,1,17.54785810812294,4604.286801138057,0,4604.286801138057,0,0,0,0,4604.286801138057,0,,22,,0,,0,,0,-100,22,,0,0,0,0,22,0,0,,128,,0,,0,,0,-100,128,,0,0,0,0,128,0,,,106,,,,,,,-100,106,,,0,,,106,0,0,,0,21601.935095999997,,61725.12115872043,0,,0,0,,0,0,-100,0,21601.935095999997,,61725.12115872043,,,,20280.817488999997,,47759.02229877163,,,,,,,,,,20280.817488999997,,47759.02229877163,,,0,0,,,,,20280.817488999997,47759.02229877163,0,0,0,0,0,0,0,0,0,0,21601.935095999997,61725.12115872043,0,0,,,,1321.117607,,13966.0988599488,,,,,,,,,,1321.117607,,13966.0988599488,,,0,0,,,,,1321.117607,13966.0988599488,0,0,2024-10-25 16:54:40,17.54785810812294,71452.84941644195,30000.0,526435.7432436883,30000.0,526435.7432436883
8SgNwESovnbG1oNEaPVhg6CR9mTMSK7jPvcYRe3wpump,8SgNwESovnbG1oNEaPVhg6CR9mTMSK7jPvcYRe3wpump,151,-44.28044280442804,6122,,422,-83.2738803012287,31,-74.16666666666667,2945,-7.302486622599937,6122,,271,0,2523,120,3177,0,9.789883751625045e-05,0.00037040984977719136,9.789883751625045e-05,0.0004436877066940979,0.00032953429136720297,0.000426571864778757,4.07004609422612e-05,9.789883751625045e-05,662,2024-10-25T23:30:32,1729899032,3,0.00031192657536785576,218.62132715935303,-15.788801092766407,218.62132715935303,-29.696818130930396,-5.343212060357863,-26.87596132725782,666.3956823741221,218.62132715935303,165,-35.797665369649806,5522,,422,-81.73950670705322,51,-55.26315789473685,2733,-2.007888131946934,5522,,257,0,2311,114,2789,0,316,-40.15151515151515,11644,,844,-82.54033926354985,82,-64.95726495726495,5678,-4.827355011733155,11644,,528,0,4834,234,5966,0,155,-34.59915611814346,2279,,318,-72.15411558669001,52,-58.06451612903226,1234,-21.250797702616463,2279,,237,0,1142,124,1567,0,276512364.8520749,33.178582929152206,102059.83497778088,8036925187.902174,,2862480.14358012,484137614.1755173,-72.02729454918237,187155.2275487384,155598763.44872683,28.68590600463559,61152.1819822423,2214887666.3173723,-61.95682940713054,1597772.4183786642,8036925187.902174,,2862480.14358012,132900501.5752171,30.64938264470691,49256.55313623414,4065965240.1638503,,1436836.1255170198,234623524.5891318,-72.66956001360484,91025.62944122583,76340269.23366709,34.97163302420107,30182.51431722434,1093093145.6633785,-63.231073826368245,792345.677352276,4065965240.1638503,,1436836.1255170198,101723023.01391807,41769.07630499272,0,0,858469621.0742501,701320.0479110501,56560232.3415461,19074.03881900932,2972872094.500472,644490.4481647451,0,0,207625249.32343876,85095.3925709592,0,0,1730750052.1418686,1410617.190829922,120913601.40334387,40907.65299553842,5822037521.584795,1264707.7252014538,0,0,143611863.27685782,35.607973771130276,52803.28184154673,3970959947.7383237,,1425644.0180631,249514089.58638555,-71.39519806938745,96129.59810751256,79258494.21505973,23.161375030651072,30969.667665017954,1121794520.6539938,-60.62725912682523,805426.7410263882,3970959947.7383237,,1425644.0180631,105902226.30952068,43326.31626596648,0,0,872280431.0676185,709297.142918872,64353369.06179777,21833.614176529096,2849165427.084323,620217.2770367087,0,0,2024-10-25 15:55:00,0.00030833583260666603,63743.061240308256,999999997.313556,308335.83177833905,999999997.313556,308335.83177833905
9PR7nCP9DpcUotnDPVLUBUZKu5WAYkwrCUx9wDnSpump,9PR7nCP9DpcUotnDPVLUBUZKu5WAYkwrCUx9wDnSpump,348,-30.4,27490,,848,-53.0454042081949,120,-47.368421052631575,2654,-88.4728978457262,25645,1289.9728997289974,500,0,1806,228,23024,1845,6.854984751333569e-05,0.0010076331563712844,6.854984751333569e-05,0.0007014160734802973,0.0010906837602467421,0.001285731283664587,0.0006487925756247892,0.0005826261885884779,2814,2024-10-25T23:31:01,1729899061,6,0.0008888675519886741,1196.673273876727,-11.78659154193697,1196.673273876727,26.72471954888017,-18.50364107488057,-30.86677105225077,37.00334827856067,52.562237914866785,315,-33.26271186440678,23856,,787,-47.777040477770406,142,-17.91907514450867,2294,-88.65367494311998,22472,1523.699421965318,472,0,1507,173,20218,1384,663,-31.790123456790127,51346,,1635,-50.648958647751286,262,-34.66334164588529,4948,-88.5574210258545,48117,1390.1517497677298,972,0,3313,401,43242,3229,327,-11.141304347826086,8612,,621,-32.20524017467249,164,-19.607843137254903,1328,-83.00921187308086,8325,540.3846153846155,368,0,916,204,7816,1300,120421848.70560157,-6.724717285709622,113960.07974854742,16198768373.549122,,30146582.48077202,249525556.78491953,-58.199841048386205,235333.22124705013,59137667.348853424,-3.502558018038159,56486.62761780944,846474379.5723051,-92.0949523767733,800493.0087288145,11530263922.356195,146.97982068775576,29187590.41502069,57065306.032666646,-21.114100455738214,54217.27935271446,8143889968.744919,,15057524.755926605,129404350.60507908,-54.99017650128894,121750.4835447602,25206775.54624651,-20.879038796254715,24127.542073925393,416906812.3927528,-92.1784202612051,395020.2731366246,5736661456.161907,138.30980009481263,14559438.242268782,72339044.5724056,67533.20419200549,0,0,287502461.7876692,273269.78959187795,31858530.48642351,30089.737278805344,5330212390.789836,14173068.601919666,2407228512.583012,498086.5136578168,129103708.07930252,121373.14149843523,0,0,596948822.7873974,565159.7874817699,61284181.35675344,57473.452130762875,10708023783.249409,28407264.280463465,4668504451.19293,958992.0657513143,63356542.67293493,11.612645541776342,59742.80039583296,8054878404.804202,,15089057.724845415,120121206.17984045,-61.18189731113174,113582.73770228993,33930891.80260691,15.31059058686665,32359.08554388405,429567567.17955226,-92.01222326647854,405472.73559218994,5793602466.194288,156.20944207966977,14628152.172751907,56764663.50689692,53839.93730642973,0,0,309446360.99972814,291889.9978898919,29425650.87032993,27383.71485195753,5377811392.459573,14234195.6785438,2261275938.6099186,460905.5520934975,2024-10-25 14:59:54,0.0008489746148958609,138195.20726183133,999963256.258723,848943.4203922604,999963256.258723,848943.4203922604
Aijr5HdouRnfk6xTpgMp8ML8aBAo72zwGsxqGbV91JCc,Aijr5HdouRnfk6xTpgMp8ML8aBAo72zwGsxqGbV91JCc,77,67.3913043478261,628,,123,3.361344537815126,51,96.15384615384616,242,-2.4193548387096775,490,255.0724637681159,46,0,119,26,248,138,3.344164545701531e-05,0.00015174435922794534,3.344164545701531e-05,0.00014068987397624052,0.00015853691110608744,0.00010572139488456835,7.34259099899452e-05,4.95400806917076e-05,37,2024-10-25T23:28:53,1729898933,1,0.0001754222077674514,424.56213015275466,15.60377509910467,424.56213015275466,24.687159643825137,10.650703702726307,65.92876773805881,138.9104987482939,254.10157859677233,1,,31,,1,0,1,,2,0,4,-85.18518518518519,0,0,1,0,2,27,78,69.56521739130434,659,,124,3.3333333333333335,52,100,244,-2.4,494,199.39393939393938,46,0,120,26,250,165,11,0,58,,12,-7.6923076923076925,11,10,14,-6.666666666666667,20,-60.78431372549019,11,0,13,10,15,51,75755264.81978579,67.46788051663653,12323.82235888958,1305119038.7674658,,97618.52788226862,120990962.9047446,-18.80719639512367,18965.971281348255,48895479.80756559,82.03972885605776,8125.478812038214,270007818.5038511,-52.40659748461077,37189.931847448315,837329766.995652,78.99721466979197,78321.71477232086,75659908.15964751,67.25708093980855,12308.65581620713,1261247491.0908525,,95757.95819441951,120895606.2446063,-18.841989565405566,18950.804738665804,48800123.1474273,81.68471238777664,8110.312269355763,269858851.64357615,-52.42323153457307,37168.85405521067,837066041.9336814,97.3367867918059,78292.00938640299,45235698.08495913,6642.148922458683,0,0,148963245.39896965,18218.049316544868,26859785.01222014,4198.343546851375,567207190.2901036,41123.155331192094,424181449.15717214,17465.948808016554,45235698.08495913,6642.148922458683,0,0,149016855.59910637,18223.96056610006,26859785.012220144,4198.343546851375,567321948.4917991,41131.78292487232,467789271.7718148,19296.813109947798,95356.6601382843,2564720073579346.5,15.16654268244954,43871547.67661325,,1860.5696878491165,95356.66013829153,77.87036775675031,15.16654268244956,95356.66013829173,2559710854685836.5,15.166542682449881,148966.86027499594,29.809336565017052,21.07779223764417,263725.0619705897,-99.39523451032835,29.705385917873173,3.7180143408477306e-09,2.8421709430404007e-13,0,0,53610.20013670752,5.9112495551942414,3.725290298461914e-09,5.684341886080802e-14,114758.20169559494,8.627593680228927,43607822.614642665,1830.864301931243,2024-10-25 14:09:57,0.00017990328422238144,311691.2243391862,2099999476.7869601,377796.8027392568,2099999476.7869601,377796.8027392568
12JkGNVhg3hzrKXJYVGrtttJDqTnyXeQE3HVacaWfBez,12JkGNVhg3hzrKXJYVGrtttJDqTnyXeQE3HVacaWfBez,0,,153,,0,,0,,0,-100,5,-96.62162162162163,0,0,0,0,5,148,1.1624906853820543e-05,0.0024629521337421177,1.1624906853820543e-05,0.0024629521337421177,0.0024629521337421177,0.0024629521337421177,0.0025452399476341373,0.002528333204146655,145,2024-10-25T18:12:12,1729879932,1,0.0024629521337421177,21086.854782691567,0,21086.854782691567,0,0,0,-3.233008108666068,-2.58593567878267,0,,20,,0,,0,,0,,0,-100,0,0,0,0,0,20,0,,173,,0,,0,,0,-100,5,-97.02380952380952,0,0,0,0,5,168,,,141,,,,,,,-100,141,3.6764705882352944,,0,,,8,136,0,,0,314352924.842286,,82462.94079430112,0,,0,0,,0,0,-100,0,282396.4953119244,-99.910085006448,715.0176127558838,,,,297067552.15945196,,65492.436518584975,,,,,,,,,,282396.495311923,-99.90484817386503,715.0176127558829,,,0,0,,,,,282396.49531193625,715.017612755884,296785155.66414,64777.418905829094,0,0,0,0,0,0,0,0,282396.49531193764,715.0176127558849,314070528.346974,81747.92318154524,,,,17285372.682834,,16970.504275716146,,,,,,,,,,1.3969838619232178e-09,-100,9.094947017729282e-13,,,0,0,,,,,1.3969838619232178e-09,9.094947017729282e-13,17285372.682834,16970.504275716146,2024-10-25 13:29:19,0.0024629521337421177,98776.93470366659,1000000000.0,2462952.133742118,1000000000.0,2462952.133742118
9SQejxQibRTqofEd6RJbwVT7EhDGfkX8Fadu5C5ne7gJ,9SQejxQibRTqofEd6RJbwVT7EhDGfkX8Fadu5C5ne7gJ,1107,-65.11188150015758,20756,,4280,-31.156506353546725,49,-95.36862003780719,10497,61.89080814312153,16972,348.5200845665962,3173,0,6217,1058,6484,3784,0.012372340858112415,0.0016266888213847574,0.012372340858112415,0.0009646518195831955,0.0011939699321947322,0.008285041837371988,0.013512425046013934,0.014131683416100608,21979,2024-10-25T23:26:55,1729898815,1,0.0004990098818175037,-95.96673024498587,-69.32358080676366,-95.96673024498587,-48.27046695116227,-58.20582509140465,-93.97697812983175,-96.3070294183448,-96.4688574805676,1754,-48.48751835535977,17416,,5159,-21.368693796677334,283,-80.76138681169273,11720,368.98759503801523,14216,344.25,3405,0,6561,1471,2499,3200,2861,-56.50653694131955,38172,,9439,-26.130849898262635,332,-86.87228153420324,22217,147.32272069464545,31188,346.56357388316155,6578,0,12778,2529,8983,6984,3205,-50.186509170034185,21769,,8693,-7.6588060335670285,477,-81.63265306122449,14956,104.51251196499385,19188,371.44963144963145,6434,0,9414,2597,7313,4070,220870265.8677888,-60.30651924440795,342559.5782455277,1914858903.7169647,,6255522.0994226,777309917.0734179,15.004617974249273,1202659.7443159963,34824579.113256164,-81.28170573542863,24771.317768918583,1453204442.6719146,1176.4553566420045,3029496.5306489957,1566910334.2024267,350.3281437221053,4500967.97386569,97682744.05064623,-65.49749808577116,159635.18671370455,1055404647.7589047,,3142180.565423852,380800601.1077381,16.930522484128122,597120.1986476998,10431372.611389806,-88.04446000180982,7714.473909833362,706464587.7365714,1189.9986749545951,1481801.0706106098,761159027.9448475,158.68151526804454,2198586.477391482,283117857.0570902,437485.0119339974,0,0,325663986.62883514,884680.871962905,87251371.4392566,151920.7128038717,54764752.976311184,717776.9540892502,294245619.8140552,943594.0880323658,556439651.2056262,860100.1660704718,0,0,675894525.5984987,1826836.7863329942,186045686.75453293,317788.26047661,113846867.82112673,1473454.5181857287,347948569.5145354,1754554.1255569072,123187521.81714258,-54.929491736690196,182924.39153182317,859454255.95806,,3113341.5339987488,396509315.9656799,13.213804008115043,605539.5456682965,24393206.50186636,-75.30909908730902,17056.84385908522,746739854.935343,1163.9017017192464,1547695.4600383858,805751306.2575792,1400.3855668106328,2302381.496474208,273321794.1485361,422615.1541364743,0,0,350230538.96966356,942155.9143700893,98794315.31527632,165867.5476727383,59082114.84481554,755677.5640964785,53702949.70048022,810960.0375245415,2024-10-25 13:19:00,0.0004990098818175037,54502.052611480365,999999999.4282421,499009.88153219083,999999999.4282421,499009.88153219083
J7QoEcvcpieuDcuqrA9GZjunGQ3ofkGx4MzgyPmrpump,J7QoEcvcpieuDcuqrA9GZjunGQ3ofkGx4MzgyPmrpump,186,-30.075187969924812,5890,,452,-48.81087202718007,64,-47.540983606557376,1335,-50.93715545755237,4055,120.98092643051773,266,0,883,122,2721,1835,0.00020390971404629513,0.0005653248834275613,0.00020390971404629513,0.0006596248879887234,0.0006149689491205862,0.00048720884869864515,0.0006031702925590325,0.000486285411823483,1387,2024-10-25T23:30:52,1729899052,3,0.00044389284505843944,117.69087712891361,-21.48004482535426,117.69087712891361,-32.705261256602554,-27.818657235749523,-8.890643869852639,-26.4067129076992,-8.717630785196508,183,-26.209677419354836,4115,,431,-30.929487179487182,77,-27.358490566037734,1055,-43.76332622601279,2931,147.55067567567568,248,0,624,106,1876,1184,369,-28.21011673151751,10005,,883,-41.406768414067685,141,-38.15789473684211,2390,-48.009571459647596,6986,131.40112620072873,514,0,1507,228,4597,3019,209,-31.25,3113,,456,-42.20532319391635,106,-17.1875,1071,-40.26770775237033,2468,122.14221422142215,304,0,789,128,1793,1111,117151739.47364035,-7.131502880048174,64555.354447174715,5074303268.139936,,2304225.727005177,243299726.25791752,-44.39520333190033,141096.50998393452,35971602.25361446,-55.689158105116036,17502.30906699858,680851413.948025,-64.11297874779943,380748.4829466046,2577986065.3528934,3.2715739199599123,1413816.2516523458,54025512.845373385,-8.458766481335244,30095.537793820225,2595425499.791716,,1163148.2245557064,113043193.47817256,-49.12135113116135,65980.93851789684,12820284.742256522,-68.88675216122108,6173.440589464629,335225181.3874662,-64.66160112013866,188031.77574679203,1283766415.9471242,-2.1265181052773436,705779.6794268397,59017680.63280235,35885.40072407513,0,0,222181987.9092887,122050.83722889508,41205228.103115536,23922.09720435649,948614515.6918936,517782.9619625721,1311659083.8445945,457368.545128866,126147986.78428438,76541.15553675803,0,0,437551687.6900981,239651.97296266924,81180137.22002348,47053.045380176656,1897207932.5371022,1033102.8269882661,2496317202.7870398,890409.4753528312,63126226.62826697,-5.964637661832956,34459.81665335449,2478877768.348221,,1141077.5024494706,130256532.77974495,-39.5195643062546,75115.57146603767,23151317.51135794,-42.0853779963548,11328.868477533952,345626232.5605588,-63.56434417286726,192716.70719981258,1294219649.405769,9.248366993941731,708036.5722255061,67130306.15148203,40655.7548126829,0,0,215369699.7808094,117601.13573377416,39974909.11690795,23130.948175820162,948593416.8452086,515319.865025694,1184658118.942445,433040.9302239652,2024-10-25 13:13:32,0.00046520408688183743,74587.89145566428,999999821.772188,465204.00396953087,999999821.772188,465204.00396953087
9KtmZMhDzFf8F1EEBGgsuPTTMSKNDtwJWJwgqzBABMMH,9KtmZMhDzFf8F1EEBGgsuPTTMSKNDtwJWJwgqzBABMMH,1028,-61.483701760959164,24222,,3697,-41.715276682957594,74,-92.24318658280922,10040,49.449240845489726,16749,124.12685668406263,2669,0,6343,954,6718,7473,0.013715818814833037,0.0017672078577181543,0.013715818814833037,0.001673717477769682,0.0012794038833871526,0.0061161295679594005,0.006572240470310107,0.0070682561376600225,21993,2024-10-25T23:13:14,1729897994,1,0.0006350902990636049,-95.36965085615753,-64.06250140356194,-95.36965085615753,-62.055107418135066,-50.36045244897666,-89.61614053451949,-90.33677629519788,-91.01489410266541,2351,-50.57809543830145,24772,,7108,-13.369896404631323,322,-84.13011335633317,15313,564.6267361111111,17614,146.07432243643476,4757,0,8205,2029,2304,7158,3379,-54.49771074602747,48994,,10805,-25.728622491064062,396,-86.72477371773383,25353,181.0130791398803,34363,134.86432916410362,7426,0,14548,2983,9022,14631,5539,-25.22948164146868,25599,,12124,-8.276592525344228,1918,-37.96895213454075,21145,177.78507619548083,21437,164.6543209876543,7408,0,13218,3092,7612,8100,239791514.67496848,-53.68903102663026,378908.79134933196,2926321463.858261,,10350235.832647828,757577084.682919,-30.122668688238047,1299441.380751212,34469626.76986863,-83.21190832523381,30477.329095979476,1841729942.9295256,305.0452536884705,3550519.783396804,2295844401.649534,264.1440013069787,6526607.229800958,112159933.77106814,-56.62518575097336,182558.11855772507,1539797359.7799299,,5189789.615842368,370743021.0141099,-30.575013631423843,643450.5324277204,11196578.183984982,-88.9102554893515,10098.92659260311,904762601.5810258,299.46821064484806,1749313.1729111986,1130963646.4585586,176.63169880746966,3235613.020257307,258583087.24304247,460892.4138699927,0,0,534019580.5669173,1105862.6404834809,100963355.58708227,172459.19196512015,226491765.16962343,1488345.4594157257,408833713.3213672,1954176.5955850626,517785570.00795245,920532.5894018717,0,0,1084152858.2466078,2251078.4026456047,205321887.90509844,348431.4622533509,454697327.3129728,2980178.518929392,630477062.2087233,3823628.6028468907,127631580.90390036,-50.75989259730241,196350.67279160692,1386524104.078331,,5160446.21680546,386834063.6688091,-29.683573169693002,655990.8483234915,23273048.585883643,-77.69894989040024,20378.402503376365,936967341.3484998,310.5804137937425,1801206.6104856052,1164880755.190976,425.5654009193811,3290994.2095436514,259202482.76490995,459640.175531879,0,0,550133277.6796904,1145215.7621621238,104358532.31801616,175972.27028823076,228205562.14334932,1491833.0595136664,221643348.88735616,1869452.0072618278,2024-10-25 12:19:08,0.0006350902990636049,59627.51541227089,999999985.2028582,635090.2896660836,999999985.2028582,635090.2896660836
F4aLcMxQy6CPcXAuER3J5QgB89n4fqBMs2bcrqQBpump,F4aLcMxQy6CPcXAuER3J5QgB89n4fqBMs2bcrqQBpump,2759,10.492591109331197,35572,,5256,-4.017531044558072,1721,65.79961464354528,10732,9.109394062627084,20561,36.97288654986343,2497,0,5476,1038,9836,15011,8.286137659049974e-05,0.0020362906869722435,0.0004294736681352652,0.0012644236593263515,0.0020158578736364165,0.0017525324637757916,0.0016947199956152423,0.002863182961051204,4974,2024-10-25T23:31:02,1729899062,11,0.002047771648913836,2371.3222651777887,0.5638174360392384,376.8095929617922,61.95296835910441,1.58313617714776,16.846431734677164,20.83244749646232,-28.479189881669086,2084,10.03167898627244,26659,,3978,-4.098360655737705,1225,42.607683352735734,8126,7.444135924897527,15687,42.97302223842508,1894,0,4148,859,7563,10972,4843,10.293782737417445,62231,,9234,-4.052369077306733,2946,55.29783869267264,18858,8.385539398816023,36248,39.50660046953777,4391,0,9624,1897,17399,25983,1710,-3.932584269662921,11457,,2843,-4.533243787777032,1229,46.658711217183765,4677,-5.933226065969429,7898,24.22145328719723,1780,0,2978,838,4972,6358,534414073.68033826,24.80601175327558,1135782.7832159249,11961035013.102982,,13865077.748493016,962609852.2112752,-47.106811951095544,1879970.6829478985,357758993.62668204,102.51837281894191,814759.9823964748,2782522562.5611563,33.78832922467739,3574875.6554326783,4862936188.7120285,-31.489595890075645,7659712.694885002,268480263.1524855,21.843275413313677,572244.4127366617,6065360938.558115,,6980686.994236775,488829118.8786283,-46.489700889571225,955611.4919093928,178038782.69046897,96.8552281331005,406785.27101515717,1402352547.0879154,36.43517829108027,1804504.582497384,2430548139.920781,-33.13140801000864,3831606.9183434304,220348855.7261396,383367.0791727352,0,0,913523428.2092791,848893.0905879764,90441480.46202303,165459.14172150198,1027852614.4452564,2026608.5753164217,3634812798.637328,3149080.0758933853,428195778.5309267,744187.8997319762,0,0,1819912710.3498788,1694904.9724847726,176655080.05366522,321022.8008194442,2079794686.6414094,4084098.247187688,7098098824.390948,6205365.053608049,265933810.5278528,27.946955836157233,563538.3704792631,5895674074.544867,,6884390.75425624,473780733.3326469,-47.72878026384764,924359.1910385058,179720210.93621305,108.45923588328591,407974.7113813177,1380170015.4732406,31.202092962385453,1770371.0729352944,2432388048.791248,-29.76646945405112,3828105.776541572,207846922.80478713,360820.82055924105,0,0,906389282.1405998,846011.8818967962,86213599.5916422,155563.6590979422,1051942072.196153,2057489.671871266,3463286025.75362,3056284.977714664,2024-10-25 11:17:30,0.0019488555595891278,211233.84369737556,999919169.710508,1948698.033030068,999919169.710508,1948698.033030068
5CKTaH3mTrawpj26ktp2KHudGkznnrQs59vDMuhNTkVZ,5CKTaH3mTrawpj26ktp2KHudGkznnrQs59vDMuhNTkVZ,51,-13.559322033898304,743,,110,-8.333333333333332,19,-40.625,230,-2.9535864978902953,466,68.23104693140795,59,0,120,32,237,277,0.0006360761764751123,0.005736786616909928,5.222128969298607e-05,0.005577228841774778,0.005500417468512986,0.004222444242417387,0.002896580392070201,0.002301341936212272,24,2024-10-25T23:30:26,1729899026,1,0.00441720606711247,594.4460790201127,-23.002085277284362,8358.63074826693,-20.799268015926838,-19.693257968169412,4.612537514138495,52.497271582905036,91.94044994385547,69,15,744,,129,7.5,32,-13.513513513513514,249,4.184100418410042,486,88.37209302325581,60,0,120,37,239,258,120,0.8403361344537815,1487,,239,-0.4166666666666667,51,-26.08695652173913,479,0.6302521008403361,952,77.94392523364486,119,0,240,69,476,535,10,25,22,,10,0,8,-20,12,0,16,14.285714285714285,8,0,10,10,12,14,9230475.771510005,6.251169324324602,49807.14041078638,342893928.79101485,,620913.3223741148,17917886.771510005,-15.996584521839589,98692.3045678563,4482830.000000006,-5.577833399010634,20920.39171291599,39247837.07117179,-46.005864567362195,199006.70127807208,111321419.09132487,-51.92805085729315,396969.18054037145,3931423.771510005,-11.109769715009849,21496.34881513295,216081348.79101485,,333123.36511958763,8354208.771510007,-27.46367670492248,46461.84633353366,1657927.0000000056,-27.07590260183888,7587.476046661079,19871485.07117179,-48.03855345149371,100902.82144233672,57989989.091324866,-63.31868534657269,206468.18982981227,4422785.000000004,24965.497518400705,0,0,11517276.299661776,54440.97510880306,2273496.7715100064,13908.87276847189,38242748.02015308,105864.50962155509,158091359.69968998,126655.17528977494,8687411.000000004,48885.16415706994,0,0,21329950.299661778,100314.39671021573,4747645.771510007,28886.748697870375,72689074.02015308,199410.61339184866,231572509.69968998,223944.1418337433,5299052,24.255960546129955,28310.791595653423,126812580,,287789.9572545271,9563678,-2.5374938574337635,52230.45823432266,2824903,14.176753299821474,13332.91566625491,19376352,-43.74914758688633,98103.87983573537,53331430,-27.4216176529627,190500.9907105592,4264626,23919.66663866924,0,0,9812674,45873.42160141267,2474149,14977.875929398484,34446326,93546.10377029357,73481150,97288.96654396837,2024-10-25 11:14:22,0.004523641486529313,95235.71856432944,100000000.0,452364.14865293127,100000000.0,452364.14865293127
FA9jJDQzBEeV4qunJpt7XY7wC4smNYLsBNtMCTPsj3pp,FA9jJDQzBEeV4qunJpt7XY7wC4smNYLsBNtMCTPsj3pp,44205,1099.9185667752442,48361,,47889,129329.72972972973,15679,-45.036107410783146,47926,55627.90697674419,48012,13657.02005730659,3684,0,37,28526,86,349,0.0001372589000793319,0.0003319401560301178,0.00013082378189489452,0.0003651202774479219,0.0002642628819475783,0.00035467788439529714,0.00017318431620899516,0.00017242157930260808,199,2024-10-25T23:30:51,1729899051,1,0.00026359618095828845,92.0430520759944,-20.589245931916807,101.48949765881629,-27.805658233844362,-0.252287034931418,-25.680119185411606,52.205573072902375,52.87888095240365,668,171.54471544715446,1325,,914,2848.3870967741937,264,-34.65346534653465,945,1250,1015,227.4193548387097,246,0,31,404,70,310,44873,1041.8066157760813,49686,,48803,71669.11764705883,15943,-44.89111648807466,48871,31227.564102564105,49027,7339.605462822457,3930,0,68,28930,156,659,1201,186.63484486873506,1923,,1604,4121.0526315789475,503,-28.954802259887007,1626,2703.448275862069,1662,454,419,0,38,708,58,300,436839576.55269,31.070355057076483,132415.25370132359,1495237286.2123814,,438759.07717485615,770125906.9074532,1229.1288047263554,260073.65171850915,110414428.76287088,-66.17465611627284,27091.13212688859,828068064.5199362,458.78153422298624,283196.731164757,976259802.0424383,88.11216899012075,318752.44912472554,212713312.3409622,29.345266731067067,64677.96764010306,777169051.6371937,,225050.4349371527,377167194.3552397,1191.790279820812,127890.3255235613,55574194.727043845,-64.63376174506304,13670.98865682727,406364441.0172567,321.08972631588085,139554.05743939054,502867493.839881,83.3265176756531,162853.2783104252,164453882.014278,63212.35788345837,0,0,29197246.662016816,11663.73191582932,157139117.61391795,51006.978983275716,96503052.82262383,23299.220871034697,274301557.797312,62197.15662672746,333286330.354764,127658.39801718583,0,0,57942157.61248277,23123.079446247673,326425147.789819,105324.121574435,148191737.52250177,35555.71795996872,518977484.1699419,120006.62805013028,224126264.21172786,32.750704272042725,67737.28606122054,718068234.5751878,,213708.64223770346,392958712.5522135,1267.0548961844797,132183.32619494785,54840234.035827026,-67.60498549180706,13420.14347006132,421703623.5026795,715.8528814405593,143642.67372536645,473392308.20255727,93.47727225178791,155899.17081430036,168832448.340486,64446.04013372746,0,0,28744910.95046595,11459.347530418354,169286030.17590106,54317.14259115928,51688684.699877925,12256.497088934024,244675926.37262988,57809.47142340282,2024-10-25 10:25:24,0.00025969509218935126,57911.286813517116,999999997.224663,259695.09146860987,999999997.224663,259695.09146860987
ALL7Jwr289YXv1USnZhDynyEgphpsJvGC2cSWQArqjRm,ALL7Jwr289YXv1USnZhDynyEgphpsJvGC2cSWQArqjRm,5,66.66666666666666,113,,8,60,4,300,13,225,17,-82.29166666666666,3,0,5,1,4,96,7.243127299246651e-05,6.979529139050349e-05,9.647068634258559e-05,7.351800554337776e-05,7.083979276613678e-05,7.686344108011968e-05,8.113828830204778e-05,8.380241243978044e-05,328,2024-10-25T23:26:55,1729898815,2,6.645406988975788e-05,-8.252240856418899,-4.787173223551043,-31.11475370480215,-9.608442994895935,-6.191044192996839,-13.542681727599792,-18.097767058661628,-20.7014834596664,5,-37.5,96,,13,62.5,5,,21,162.5,29,-56.71641791044776,8,0,8,0,8,67,10,-9.090909090909092,209,,21,61.53846153846154,9,800,34,183.33333333333331,46,-71.77914110429448,11,0,13,1,12,163,5,-28.57142857142857,95,,10,66.66666666666666,4,100,13,8.333333333333332,24,-71.08433734939759,7,0,6,2,12,83,13241656.51375995,33.57810105002245,886.9087602885477,978859816.0274022,,75312.66410304782,23154700.949689582,57.49447229335516,1593.0648546614093,12310441.616198195,1221.976446943484,820.941689924533,37856614.364504814,55.19602728744945,2693.746252109002,62249387.186187476,-93.2087411153631,4616.919045453858,2523684.694528664,556.1979873855922,172.56494611941892,567835173.9128072,,42228.81293910145,2908276.6535169617,0.1409479367510823,199.95404813366613,1592469.7969669232,71.00991416011941,106.59787575539912,5812459.9206392495,-26.582738466055357,423.3887197448514,13729480.794472214,-97.52222708321098,1056.766910413075,384591.958988394,27.389102014253563,0,0,2904183.2671224824,223.43467161118386,931214.8975619433,65.96707036401432,7917020.87383339,633.3781906682428,554105693.1183354,41172.04602868838,9913044.43592981,706.1560943728607,0,0,14701913.414815448,1100.6813974475888,931214.8975619746,65.96707036401786,24392772.82168307,1923.1727933448637,916610428.8412151,70695.74505759394,10717971.819231287,12.483867083017664,714.3438141691288,411024642.11459494,,33083.85116394637,20246424.29617262,71.61287843265161,1393.110806527743,10717971.819231272,34241441891620864,714.3438141691338,32044154.443865564,94.49281917629126,2270.3575323641503,48519906.39171526,-86.6153730943789,3560.152135040783,9528452.476941416,678.7669923586071,0,0,11797730.147692965,877.246725836405,3.13011696562171e-08,3.5340619319867983e-12,16475751.94784968,1289.7946026766208,362504735.7228797,29523.69902890557,2024-10-25 08:44:09,6.645406988975788e-05,66937.6388974518,11999999999.835148,797448.8386661394,11999999999.835148,797448.8386661394
5PuDA2mZv5MMi5yLxL3vRWCiGADPg9zybb8QtbDeqkxR,5PuDA2mZv5MMi5yLxL3vRWCiGADPg9zybb8QtbDeqkxR,1024,-34.02061855670103,40085,,2576,-21.939393939393938,215,-73.42398022249691,5876,-11.732011416554004,12521,-43.92494066012809,1552,0,3300,809,6657,22329,0.01847457880027949,0.0017062307239095363,0.016883954176582422,0.0017384086586747839,0.0016768144519891857,0.0017494185693319054,0.0017752334475919132,0.0018433591065215801,39691,2024-10-25T23:17:06,1729898226,1,0.0016748740585266193,-90.93416918116,-1.8377740444779043,-90.08008407858851,-3.654756310095576,-0.11571903261356394,-4.261102066257033,-5.653306566605668,-9.140109889542476,597,-51.463414634146346,33807,,1827,-11.78174794785128,166,-61.48491879350348,3898,64.40320539856602,6265,-72.45911728503604,1230,0,2071,431,2371,22748,1621,-41.73256649892164,73892,,4403,-18.02271457829082,381,-69.2741935483871,9774,8.263181214000886,18786,-58.32464449719369,2782,0,5371,1240,9028,45077,2285,-17.864845434938893,41700,,5056,-6.491584982430183,885,-32.1319018404908,10352,17.64973292419593,17523,-30.604728525602948,2782,0,5407,1304,8799,25251,43492564.95938747,-41.52705533753682,73429.31093572579,1805545961.7551346,,14817700.696486283,117873229.74452862,-15.665770428580005,201442.29067609884,10111951.831702847,-69.70711175069357,16809.838390452605,257642372.52741715,8.25182838354145,443575.83491121023,495220940.9656851,-49.301733400994756,867354.8492848852,21697110.35008874,-41.5094418104884,36723.28650986193,1036231254.2855986,,7436665.033931005,58792174.958276294,-15.6939525844288,100725.764632161,5048347.536836956,-69.67734123271474,8413.321268551266,128528779.57985267,8.201302104007164,221838.91284462027,247103919.0064552,-47.99842727233404,433876.60492058663,37095064.60818734,64002.47812229309,0,0,69736604.6215772,121113.14821246758,16648762.81325157,28309.965241311562,118786721.67577611,212427.2974015911,475185472.371282,5929841.310008688,74380664.78514054,128012.97974035471,0,0,139769142.78289044,242133.5442351504,33380613.12768473,56619.4725452743,238002790.69151405,424558.1631893039,976800538.137929,12082773.253128476,21795454.609298725,-41.544578856555916,36706.02442586386,769314707.469536,,7381035.662555278,59081054.78625232,-15.637707360877364,100716.52604393785,5063604.294865891,-69.73673443338215,8396.517121901337,129113592.94756448,8.302172696635347,221736.92206659,248117021.95922995,-50.53636964032998,433478.2443642986,37285600.1769532,64010.50161806162,0,0,70032538.16131325,121020.39602268282,16731850.314433161,28309.50730396274,119216069.01573794,212130.8657877128,501615065.766647,6152931.943119789,2024-10-25 06:05:15,0.0016748740585266193,110757.6232477308,999999964.5769068,1674873.9991973995,999999964.5769068,1674873.9991973995
2E3qS1oSVbeLxQEhdSrVDMn5ruhCg5JQCqPXKpwWpump,2E3qS1oSVbeLxQEhdSrVDMn5ruhCg5JQCqPXKpwWpump,49,226.66666666666666,3621,,64,45.45454545454545,5,-88.63636363636364,108,0.9345794392523363,214,-93.4335685793188,15,0,44,44,107,3259,0.00043548070582322937,0.0009237469857588912,7.463209356493556e-05,0.0009467772248250598,0.0010157614648731526,0.0010372640739138,0.0011626753362309068,0.001111042898950783,329,2024-10-25T23:25:10,1729898710,1,0.0009141361585681005,109.91427320299402,-1.0404177051679488,1124.8566466552797,-3.447597322906727,-10.004839700996433,-11.870450200893764,-21.376490058566663,-17.722694647401287,44,29.411764705882355,4250,,78,11.428571428571429,18,-30.76923076923077,148,-8.641975308641975,309,-91.91734240125557,34,0,70,26,162,3823,93,89.79591836734694,7871,,142,24.561403508771928,23,-67.14285714285714,256,-4.83271375464684,523,-92.61508048573849,49,0,114,70,269,7082,54,92.85714285714286,525,,71,24.561403508771928,26,-44.680851063829785,86,-28.92561983471074,156,-58.730158730158735,28,0,57,47,121,378,16394885.3901554,704.8589895720963,16951.835904786407,1123620472.860684,,469527.9856547191,18431873.93132422,93.21194660009772,18860.255743127334,3010235.8148470144,-77.50978986853497,2890.721430892731,27971591.45690401,-30.167211714009607,28568.19890624192,67861087.14980903,-91.26934109050976,70682.35884137556,8287407.019477186,828.4677773851807,8605.887001844303,637933308.0875027,,254707.58038822346,9179996.640929867,196.795989895346,9443.277771937723,202870.6929009616,-97.4906329230772,202.74322233789314,12273029.21329316,-38.320941697897375,12614.750390352141,32017479.92290909,-93.26364341174921,33492.571763623164,892589.621453185,837.3907700932089,0,0,3093032.572362871,3171.4726184148767,8084536.326575961,8403.143779506534,19898211.080299154,21053.094654003555,475293721.51635134,213168.30278524608,2036988.5411693975,1908.4198383407304,0,0,9539717.525580222,9707.94316311499,13384649.575308014,14061.114473893906,40055097.53147802,42302.90766630543,777273374.8198993,381723.6548326361,8107478.370678213,608.4486214552442,8345.948902942104,485687164.77318126,,214820.40526649565,9251877.290394353,43.513718407737805,9416.977971189612,2807365.1219460526,-47.031978559747586,2687.9782085548377,15698562.243610851,-22.118119375064826,15953.448515889779,35843607.226899944,-88.13045619637487,37189.78707775239,1144398.9197162124,1071.0290682475215,0,0,6446684.953217351,6536.4705447001115,5300113.248732054,5657.970694387372,20156886.45117886,21249.813012301875,301979653.303548,168555.35204739,2024-10-25 03:55:05,0.0009141361585681005,100479.31938469637,999999998.270565,914136.1569871614,999999998.270565,914136.1569871614
HGs2M2x7iHYaDVotWUMWFMLoJGbSWp4MeP1Lon3gESC2,HGs2M2x7iHYaDVotWUMWFMLoJGbSWp4MeP1Lon3gESC2,2707,-29.431699687174138,73451,,6543,6.650366748166259,793,-58.56844305120167,12678,83.47322720694646,19582,-48.94138506466416,3836,0,6135,1914,6910,38352,0.01148991439527375,0.0006198245023610124,0.04291502191864784,0.0007512375049407357,0.000582156175320173,0.0021272902994635217,0.003063888942410809,0.0033762885310290288,45080,2024-10-25T23:30:27,1729899027,1,0.0004871931986204241,-95.75981872570935,-21.398202755033736,-98.86474903928985,-35.14791322101813,-16.312285384161964,-77.09794480126719,-84.0988623354906,-85.57015509358921,4498,-52.240390741134,88177,,13916,19.553264604810998,1493,-50.31613976705491,25556,67.59131746344022,40795,24.91196913561346,9418,0,11640,3005,15249,32659,7205,-45.63905236155123,161628,,20459,15.09985935302391,2286,-53.52713966253303,38234,72.54388735953789,60377,-14.975144695892187,13254,0,17775,4919,22159,71011,5224,-39.29110981987217,74929,,11649,-5.637910085054678,2406,-44.331328088847755,19358,-3.1809542862858855,33602,-23.744468398956087,8605,0,12345,4322,19994,44065,1126345358.8328013,-46.21950051946182,681441.427543353,9497634257.28825,,56693355.93640367,3220683213.0961266,53.41051794256604,2161621.610615757,376519263.8868371,-49.785788141453004,199581.59363108932,5320072000.963914,159.4640724753209,3781923.55175672,7369560813.56919,280.1511578828853,10012417.135191591,555376988.059667,-46.28679798793494,336817.51325222634,4759785764.207078,,28366515.368471414,1589344368.9931667,51.539949864020954,1062354.4542214891,185528165.35016108,-49.83675654528671,98604.42467621318,2638139997.0894628,158.38345289114721,1873923.6522324055,3658698954.2621007,281.92026726288447,4985328.446221774,1033967380.933496,725536.9409692674,0,0,1048795628.0962934,811569.1980109216,369848822.7095073,238213.088575999,1021017393.9431287,3112943.967050717,957974548.0602459,14241041.795647636,2094337854.2633238,1480180.1830723928,0,0,2099388787.867784,1620301.9411409684,749826094.945966,481859.83391225955,2050407962.1543503,6233571.893871404,1938586970.144008,28858306.73389647,570968370.7731345,-46.15387874955143,344623.9142911267,4737848493.081171,,28326840.567932256,1631338844.1029596,55.277885538278625,1099267.1563942677,190991098.53667602,-49.73617832125947,100977.16895487614,2681932003.874451,160.53590218286743,1907999.8995243148,3710861859.3070893,278.42288917997354,5027088.688969817,1060370473.3298278,754643.2421031254,0,0,1050593159.7714905,808732.7431300469,379977272.23645866,243646.74533626053,1029390568.2112215,3120627.9268206866,980612422.083762,14617264.938248836,2024-10-25 03:09:25,0.0004924289265271977,75277.29923598506,999999999.3002691,492428.92618262995,999999999.3002691,492428.92618262995
C75XDvzWLKvjMHUAAFPNsYMFsmtG4eCVpkseeXBpump,C75XDvzWLKvjMHUAAFPNsYMFsmtG4eCVpkseeXBpump,242,-12,8145,,517,11.182795698924732,171,140.8450704225352,982,38.8967468175389,1690,-32.53493013972056,275,0,465,71,707,2505,0.0001169999978568113,0.0003494621344119902,9.636009102585732e-05,0.0005500575345403775,0.00037275175020634,0.00041910830342256606,0.00018657003763059655,0.0002833356876560314,925,2024-10-25T23:30:55,1729899055,2,0.00029589422824729335,152.90105441661555,-15.328672519794154,207.07134571706965,-46.20667663528334,-20.618956696112498,-29.399101418194068,58.5968636792343,4.432389260652532,215,-22.66187050359712,6844,,493,6.941431670281996,121,28.723404255319153,954,20.454545454545457,1745,-20.573509330905782,278,0,461,94,792,2197,457,-17.359855334538878,14989,,1010,9.071274298056156,292,76.96969696969697,1936,29.15276851234156,3435,-26.94598043385793,553,0,926,165,1499,4702,192,-9.859154929577464,2480,,308,-12.994350282485875,133,26.666666666666668,536,6.138613861386139,842,-16.633663366336634,213,0,354,105,505,1010,182681869.7634732,-1.0055722302300272,63659.89550743376,10766018756.57101,,1955227.194028417,367219397.66184366,-10.312368339441914,145961.6176452238,129911826.47927082,146.18480181949383,41627.65201998134,776662027.4456832,8.412511984092351,348002.34971457405,1492834950.218628,-21.347741072967054,560427.5908900294,86646251.4285895,4.091546290189165,30347.784341588384,5423116792.8188925,,984501.6942908709,169886682.10394454,-18.599972857953865,67517.17507467445,60297297.30097374,128.84133088902206,19315.86578030023,378592610.1836499,5.082905872206084,170704.44081501663,738997262.8336728,-21.437319770116087,278690.2138507056,83240430.67535454,37169.39073308647,0,0,208705928.07971162,103187.26574034292,26348954.127615727,11031.918561287948,360279920.9264975,107947.589002739,940646704.8619998,193881.35145112022,184537527.89837223,82301.72213779102,0,0,409442629.783852,202040.73206935046,52770043.28420079,22032.24348745231,716395195.7497718,212482.55601453478,1898019167.642161,391987.68406893715,96035618.33488372,-5.194106279817881,33312.111165845374,5342901963.752119,,970725.4997375461,197332715.5578991,-1.6957467754244102,78444.44257054935,69614529.17829707,163.48092149315002,22311.786239681107,398069417.2620333,11.781056698446607,177297.9088995574,753837687.3849552,-21.259727358791093,281737.3770393239,101297097.22301771,45132.33140470455,0,0,200736701.70414037,98853.46632900754,26421089.156585064,11000.324926164363,356115274.8232744,104534.96701179579,957372462.7801611,198106.33261781692,2024-10-25 00:45:44,0.0003136810188729906,63254.86127383927,999992923.813919,313678.7992077309,999992923.813919,313678.7992077309
CoYcaAtScPnaXKGXs9K6hc9ZVNsPZmdKim919cZmpump,CoYcaAtScPnaXKGXs9K6hc9ZVNsPZmdKim919cZmpump,143,-5.298013245033113,6713,,294,-69.59669079627714,83,38.333333333333336,1261,127.61732851985559,1815,-31.818181818181817,151,0,967,60,554,2662,0.0017303433554773232,0.0004572747343673653,9.656164821318342e-05,0.0007205224538532195,0.00039587717732116843,0.0015261924164621057,0.0011090238543830118,0.0006112633780728297,1342,2024-10-25T23:30:52,1729899052,1,0.0004589876415013344,-73.47418707111338,0.3745903731897469,375.33120032086356,-36.297940605909744,15.941930425801118,-69.92596499952988,-58.61336618799016,-24.91164071559219,187,19.871794871794872,5449,,343,-68.09302325581396,101,17.441860465116278,1418,108.52941176470587,2098,-20.71050642479214,156,0,1075,86,680,2646,330,7.491856677524431,12162,,637,-68.8050930460333,184,26.027397260273972,2679,117.09886547811993,3913,-26.281085154483797,307,0,2042,146,1234,5308,95,-5.9405940594059405,1852,,146,-46.909090909090914,69,38,323,30.76923076923077,411,-34.554140127388536,101,0,275,50,247,628,107962053.43120371,-34.49279827754166,53772.42261246618,6944421898.027708,,8322026.165001906,272771495.1298687,-52.243213886409634,149727.30501546635,71050644.17681469,92.48965458659339,38239.05944635144,843939526.5821469,17.968191416394323,680061.8174739028,1559335360.3652372,-36.948880387275935,2156268.8035552995,54630147.71371721,-25.773717630234945,27230.089786128014,3531420350.911248,,4176157.796297259,128229614.06118995,-53.239785058737766,70337.58165255519,39096943.06372666,151.6991435103041,20685.936785375412,402457639.364894,8.373954057248243,324578.7185569607,773817753.3940418,-36.70964047408719,1076814.5615501245,73599466.34747528,43107.49186642898,0,0,274228025.3037018,254241.13690440948,15533204.649989644,6544.153000752808,371360114.0291484,752235.8429931481,1222647112.7521713,2184338.18896528,164809441.69866782,95954.88240299978,0,0,571168031.4522774,530334.5124584343,36911409.25438767,15533.36316611663,715395833.783091,1476206.9860813925,2473128740.525259,4386264.108542851,53331905.7174865,-41.528428757777085,26542.332826338163,3413001547.1164594,,4145868.3687046473,144541881.06867874,-51.322867220405314,79389.72336291117,31953701.113088023,49.46859057806171,17553.122660976034,441481887.21725285,28.324433152756544,355483.09891694214,785517606.9711955,-37.1827950507294,1079454.2420051752,91209975.35119253,52847.3905365708,0,0,296940006.14857554,276093.3755540249,21378204.604398027,8989.21016536382,344035719.75394255,723971.1430882443,1250481627.7730875,2201925.919577571,2024-10-25 00:40:40,0.0006857471030798612,81445.95521299409,999999997.414582,685747.1013069183,999999997.414582,685747.1013069183
FLEFfGcYNwbdXNcP3hyvEX2xwwZGEFrpn4yPHmAcpump,FLEFfGcYNwbdXNcP3hyvEX2xwwZGEFrpn4yPHmAcpump,53,17.77777777777778,9671,,98,-25.757575757575758,12,-70.73170731707317,230,-78.6046511627907,1304,-50.15290519877675,45,0,132,41,1075,2616,0.0008485153947796413,0.00020955342230648106,9.94557594781403e-05,0.0002361546729496479,0.000210283607685395,0.00021313323626019062,0.00021733962426796787,0.00047273897731601506,4071,2024-10-25T23:30:55,1729899055,3,0.0002048172828214634,-75.8616892419902,-2.260110778859463,105.9380813098922,-13.269858155576777,-2.599501180381956,-3.901762852498145,-5.761646772272468,-56.6743398261092,59,13.461538461538462,7360,,111,-22.916666666666664,28,-9.67741935483871,255,-74.24242424242425,1245,-45.68062827225131,52,0,144,31,990,2292,112,15.463917525773196,17031,,209,-24.27536231884058,40,-44.44444444444444,485,-76.51331719128329,2549,-48.06438467807661,97,0,276,72,2065,4908,89,9.876543209876543,4141,,154,-15.384615384615385,37,-33.92857142857143,312,-56.36363636363636,938,-47.24409448818898,81,0,182,56,715,1778,46539298.54104783,42.94553425256152,10285.696233429233,6834610360.151228,,4075401.266932357,79096662.98366395,-36.908906233658726,17764.077347084247,7968062.6737837605,-79.34195652634915,1639.278110154541,204465646.5625432,-80.4556884451739,46390.25876080571,1247017614.9005709,-11.622803217086343,375470.10084521223,23039528.61194889,76.38695535911384,5112.614681186736,3457470267.5369945,,2045201.5783313669,36101451.79387669,-46.08752478246627,8143.804672021861,3366786.1155553265,-82.88603576154802,695.1101039612934,103064527.86895904,-79.47643700668301,23426.314526948932,601628595.5183085,-12.815037202742754,181028.4248410241,13061923.18192789,3031.1899908359546,0,0,66963076.07508172,15282.509854923775,19672742.49639232,4417.504577226508,502176585.53010267,159355.50962247045,690060047.3012247,488530.3281984105,32557364.44261382,7478.381113654703,0,0,125368983.57888597,28626.181413719016,38571235.86726376,8646.418123275518,1046164486.2187755,330833.2413928039,1411017389.4332685,998320.132007327,23499769.929098934,20.539820642521395,5173.081552242498,3377140092.614233,,2030199.6886009902,42995211.18978726,-26.38550957026603,9620.272675062384,4601276.558228434,-75.65268051832926,944.1680061932477,101401118.69358416,-81.35967388884691,22963.94423385678,645389019.3822625,-10.481663523435063,194441.67600418816,19495441.260685932,4447.191122818748,0,0,58405907.50380426,13343.67155879524,18898493.370871436,4228.913546049009,543987900.6886728,171477.73177033346,720957342.1320438,509789.80380891653,2024-10-25 00:26:20,0.00021639074368034038,52304.52828568094,999996633.428464,216390.01518542206,999996633.428464,216390.01518542206
DD8hmGEcDNtrEJCYcyN8rSFknWDnnEjkuKtr74C78PDc,DD8hmGEcDNtrEJCYcyN8rSFknWDnnEjkuKtr74C78PDc,5,-28.57142857142857,1615,233.67768595041323,12,-72.09302325581395,0,-100,55,-23.61111111111111,127,-50.19607843137255,7,484,43,5,72,255,0.012722473743686243,0.005479164136582934,0.037135743875111336,0.007730754851119677,0.005479987662638191,0.00982989313643942,0.011460900790203954,0.011200699737563598,265,2024-10-25T23:19:23,1729898363,1,0.005382893484583649,-57.68988332748568,-1.7570317223481478,-85.50481847708103,-30.370402525388286,-1.7717955592585939,-45.23955235454942,-53.03254444725145,-51.94145356355613,3,-83.33333333333334,1612,537.1541501976284,21,-66.12903225806451,3,,83,-10.75268817204301,176,-39.51890034364261,18,253,62,0,93,291,8,-68,3227,337.8561736770692,33,-68.57142857142857,3,-40,138,-16.363636363636363,303,-44.505494505494504,25,737,105,5,165,546,10,-47.368421052631575,378,21.54340836012862,27,-15.625,6,-14.285714285714285,53,6,86,-23.214285714285715,19,311,32,7,50,112,44247.389304906814,-96.21747654274732,240.2556682152831,61124685.65038499,-43.56098499531084,1078021.028287627,1214032.3174079973,-69.82300907881248,7954.965718404574,14056.326962512327,-53.44209222225309,75.58796394958176,5237071.992167854,-5.619575471912782,42578.15068711806,10785968.40617939,-39.90517572475333,104040.72045272516,30191.062342420882,-83.12288795935228,164.66770426611643,29075035.314132977,-70.99202353631968,518742.60604257026,209078.67219947572,-88.66422734837084,1348.200355110885,1.2349573808023706e-08,-99.99999999995909,5.691731530532707e-10,2053493.5050026898,-21.64228581011632,17255.04136290242,4674158.906275745,-44.850855575612165,46469.07236123072,178887.6098571079,1183.532650839626,100231173.83088273,2056762.056058114,1844414.832803015,15906.841007797664,30191.06234243165,164.6677042669834,2620665.401273031,29214.03099832389,8475487.616465645,102886.469508628,1169784.9281031198,7714.71005018385,108302183.59641203,4044898.342646916,4023039.6747596674,34623.18496871815,30191.06234243363,164.66770426747945,5548896.414011491,61462.5697656048,17948248.51600769,221254.85340446525,14056.326962485933,-98.58145473767483,75.58796394916665,32049650.336252015,297.0959181976673,559278.4222450568,1004953.6452085215,-53.872111165961044,6606.765363293689,14056.326962499978,710905930960802.9,75.58796394901259,3183578.487165164,8.720195685240862,25323.109324215642,6111809.499903647,-35.48016713692079,57571.64809149444,990897.318246012,6531.177399344225,8071009.765529311,1988136.286588802,2178624.8419566527,18716.34396092049,1.977241481654346e-09,4.960298838341259e-10,2928231.01273846,32248.53876728091,9472760.899542047,118368.38389583727,2024-10-24 23:02:12,0.005382893484583649,52245.0143645872,99999941.44056556,538289.0332391667,99999941.44056556,538289.0332391667
4B3NXEKgsT9hsadpCKNEwSXj6aDqwR7iqe5GzvgKpump,4B3NXEKgsT9hsadpCKNEwSXj6aDqwR7iqe5GzvgKpump,743,-45.206489675516224,66605,11.648451119753252,2099,-33.49176172370088,429,36.624203821656046,5255,-32.636841430585825,13056,0,1356,59656,3156,314,7801,13056,0.0012078852596610987,0.002079941149149845,0.01783332419524674,0.0017709575199676732,0.0016399511764780869,0.002541134038092499,0.0017758673119324304,0.0015335021104307665,6802,2024-10-25T23:35:00,1729899300,16,0.0015546051444657752,28.70470369859113,-25.257253307325335,-91.28258350801396,-12.216689167442437,-5.204181272981456,-38.822387124736686,-12.459386237921471,1.3761333545919148,746,-41.027667984189726,57840,15.035799522673033,2011,-36.32045598480051,385,6.64819944598338,5169,-22.16533654570095,11810,0.46788600595491275,1265,50280,3158,361,6641,11755,1489,-43.18962228157192,124445,13.197678649396014,4110,-34.90655685777637,814,20.59259259259259,10424,-27.8216313529982,24866,0.22167586957397928,2621,109936,6314,675,14442,24811,650,-19.35483870967742,16724,14.925783397471138,1194,-25.653798256537986,385,6.64819944598338,2284,-37.951643575115455,4702,-3.4893267651888342,806,14552,1606,361,3681,4872,137602871.4474485,-32.31520011219847,246140.06030132296,13628609850.450367,-40.85180165987516,75572412.06723931,340902388.73278785,-26.925586305608494,573800.746837059,89874885.38775568,88.30646923870023,161191.4036823095,807416413.9544101,-46.04776466553571,1517773.7692336016,2303955730.5351634,-13.13694562198834,5356495.524644306,61189859.77012643,-42.20488204406421,110062.7508340431,6739679024.626925,-41.9142603012173,37373140.061610304,167063611.62710857,-24.90617374823313,282549.4233661803,42813894.70467145,132.9885508171939,77677.78004551464,389536776.15466654,-49.04240416514792,732997.3289377642,1153969967.6598551,-12.705123953548469,2688241.149823025,105873751.85699745,172486.67253217832,11602983898.590464,70628206.46342736,222473164.527527,450447.90557116916,18375965.065452438,32384.970788610968,764433191.5051724,1955243.8208859225,1321921766.6862855,1854817.7417228548,203299517.28533944,327660.6865356789,23041462348.6596,141205804.0362171,466514025.2215972,943973.0223964489,47727986.05969764,84948.6566189955,1496539316.5807133,3838721.7554109567,2652400087.739008,3723894.321770354,76413011.67732207,-21.56796372975391,136077.30946727985,6888930825.823441,-39.774062993651036,38199272.005629,173838777.1056793,-28.766528436562215,291251.32347087876,47060990.68308423,60.33305063494969,83513.62363679487,417879637.79974353,-42.92089309365831,784776.4402958375,1149985762.8753083,-13.565990164695219,2668254.3748212815,97425765.428342,155174.01400350063,11438478450.069138,70577597.57278973,244040860.6940702,493525.1168252797,29352020.994245205,52563.68583038454,732106125.0755408,1883477.9345250342,1330478321.0527227,1869076.5800474996,2024-10-24 18:21:52,0.0015546051444657752,374945.68226448057,999989880.464862,1554589.41258439,999989880.464862,1554589.41258439
TruStjKLzgPDqmWWkrdvgNJnsmScz1FpFzsDKWSpfh5,TruStjKLzgPDqmWWkrdvgNJnsmScz1FpFzsDKWSpfh5,30,15.384615384615385,256,-8.24372759856631,56,100,8,-63.63636363636363,84,-17.647058823529413,186,878.9473684210526,26,279,28,22,102,19,0.003735633520475722,0.011766911891686611,0.003722996373737325,0.008185050213190678,0.009101681681219062,0.007037854178910092,0.005916461696822969,0.0034132486441258887,209,2024-10-25T23:34:12,1729899252,1,0.008187767527952416,119.18016002034719,-30.417023571519053,119.92413384311564,0.03319851058896911,-10.041157066088891,16.338976622849042,38.38959749116769,139.8819535764952,10,-64.28571428571429,163,87.35632183908046,38,137.5,4,-33.33333333333333,54,22.727272727272727,98,512.5,28,87,16,6,44,16,40,-25.925925925925924,419,14.48087431693989,94,113.63636363636364,12,-57.14285714285714,138,-5.47945205479452,284,711.4285714285713,54,366,44,28,146,35,28,-24.324324324324326,190,30.136986301369863,58,114.81481481481481,10,-54.54545454545454,78,5.405405405405405,131,445.8333333333333,37,146,27,22,74,24,2012965.4375192733,-34.85787282372683,17125.532088186017,27290515.867507722,-55.33580003805019,157870.91997094848,5103078.586683478,361.59229907638655,49466.4791277646,1528525.9486661083,215.5246390595889,12800.987318006682,6208616.654994922,-55.38353009586391,58063.81413189418,20124143.070094336,1125.7195346813314,129579.20534509746,977712.2583974093,-39.02779189570311,8377.985094039595,15235146.604050804,-66.7879698230632,88233.54402633384,2581249.8188626296,228.2294298685784,25137.330545200643,598327.5907572565,57.71000828234828,5000.0655830213245,3367666.1435341034,-60.17960653129225,31224.071162952936,11824805.43870592,1700.8618983562503,74547.99626378488,1603537.5604652034,16759.345451161043,45872373.72387564,51461.922834816665,786416.3246714807,6086.740617752294,379384.6676401604,3377.919511018285,8457139.295171788,43323.925100832,656619.2249110882,2464.780814974216,3090113.149164185,32340.947039578594,61101544.16905927,74839.71689546923,1105538.0683114463,8597.335004129574,484439.48885317834,4324.544770179347,13915526.415099379,71515.39121320334,1641822.8233040527,6059.767070513997,1035253.179121864,-30.359869555782552,8747.546994146422,12055369.263456918,-20.840276186746948,69637.37594461464,2521828.7678208486,690.2403449719134,24329.14858256396,930198.3579088519,785.4409033001009,7800.921734985359,2840950.511460818,-47.952564575549836,26839.74296894124,8299337.631388417,742.3982255978416,55031.20908131259,1486575.5886989813,15581.60158841755,15229170.445183625,23377.79406065257,319121.74363996554,2510.594386377281,105054.82121301792,946.6252591610628,5458387.119927591,28191.466112371352,985203.5983929645,3594.9862555397817,2024-10-24 18:10:18,0.008187767527952416,104133.68605349504,99950000.0,818367.364418844,99950000.0,818367.364418844
DFy12AkbxKnR2s2gaYz1AvxgxqGDrMEjjzK1GG3Ypump,DFy12AkbxKnR2s2gaYz1AvxgxqGDrMEjjzK1GG3Ypump,19,-68.85245901639344,2963,-44.48191868090688,80,11.11111111111111,11,37.5,152,-63.72315035799523,571,-45.82542694497154,61,5337,72,8,419,1054,0.0003041749762850254,0.0003737477824680386,0.0003859771683451078,0.0002625006276442797,0.0002872254590548279,0.0001900991273505021,0.00024839183439070403,0.0003522972767151641,663,2024-10-25T23:34:16,1729899256,2,0.0003397583113190382,11.69831110652233,-9.094226840504946,-11.97450544140596,29.431428171460254,18.289761790991662,78.72691792666498,36.78320471059476,-3.559200205303815,36,-30.76923076923077,3387,-19.663187855787477,88,29.411764705882355,16,-20,156,-59.68992248062015,543,-51.38764547896151,52,4216,68,20,387,1117,55,-51.32743362831859,6350,-33.52873442897519,168,20,27,-3.571428571428571,308,-61.78660049627791,1114,-48.68724090280976,113,9553,140,28,806,2171,36,-40.98360655737705,1241,-48.20534223706177,84,3.7037037037037033,16,-23.809523809523807,145,-42.23107569721115,335,-43.79194630872483,61,2396,81,21,251,596,42420782.49977659,-18.636525295372433,14034.228906956843,3156356385.383301,-58.35715027741421,1175233.4740234152,94558160.67072253,77.91623447319314,30748.70005596915,27450775.387134306,83.37182594898628,9106.805323409808,147705733.71301138,-79.09066195026926,42031.393420877146,854116110.5585687,-4.494675778308204,211831.20563056698,19466594.099583216,-45.21876547504265,6387.752481719968,1579871926.731448,-58.85828409503351,589434.9271435732,55001744.53638831,47.18095994064546,17713.764003057244,18116970.221091572,1242.371790383114,5930.82845844132,92371893.88082701,-72.46559595658347,25764.34181229597,427849987.8870526,-0.7013435209674534,106358.99480592407,35535150.43680621,11326.01152134266,3840073006.1449165,1907047.4833789358,37370149.34443232,8050.577809239712,1349623.8784875665,456.92402327866034,335478094.00622606,80594.65299363049,430871879.90040475,167381.49714900885,52137378.17094959,16714.47114901812,7579587867.809612,3794580.5443758694,53147573.042284526,11282.69336491152,14970007.112636302,4927.42358354947,706410376.8455427,169799.81220969325,894312560.6023295,349659.80997377785,22954188.400193367,38.25968880662222,7646.476425236875,1576484458.651853,-57.84254062437234,585798.5468798421,39556416.13433422,150.71530619868608,13034.936052911906,9333805.166042734,-31.47178749977302,3175.9768649684884,55333839.83218439,-85.08249554106501,16267.051608581178,426266122.6715161,-8.021427461677359,105472.21082464291,16602227.734143382,5388.459627675463,3739514861.6646957,1887533.0609969334,15777423.697852207,3232.1155556718068,13620383.234148735,4470.4995602708095,370932282.83931667,89205.15921606276,463440680.7019248,182278.31282476897,2024-10-24 18:02:40,0.0003397583113190382,66801.29231106905,999870211.474695,339714.21458885196,999870211.474695,339714.21458885196
6RVLvhP3Fi8YfcdtMdPT3ruCFoWRHVfgBHidfgE8pump,6RVLvhP3Fi8YfcdtMdPT3ruCFoWRHVfgBHidfgE8pump,1,,29,-89.86013986013987,1,,0,-100,1,-91.66666666666666,13,62.5,0,286,0,1,12,8,0.00021975361097534206,0.00022451729471352364,0.00023353893286379908,0.00022451729471352364,0.00022438334614301387,0.0002379765003267255,0.00023478626245407145,0.0002274333900192282,70,2024-10-25T22:41:37,1729896097,1,0.00022438334614301387,2.1067845698295673,-0.05966069147621151,-3.920368483538799,-0.05966069147621151,0,-5.711973310410554,-4.430802808615172,-1.3410712806754,0,,32,-87.5,0,-100,0,,3,-62.5,11,22.22222222222222,0,256,3,0,8,9,1,,61,-88.74538745387454,1,-66.66666666666666,0,-100,4,-80,24,41.17647058823529,0,542,3,1,20,17,1,-66.66666666666666,40,-82.6086956521739,1,-83.33333333333334,,-100,7,-46.15384615384615,15,25,3,230,6,1,13,12,45287.295990411876,10995236698450.414,10.161715011993252,26034202.75469503,-95.80540416025329,5952.33761978634,45287.295990280094,-98.3241411328595,10.161715011984963,0,-100,0,2747620.8205042616,-65.311643355314,633.6531651204107,10668494.238199234,75.13521421622909,2479.027170978411,45287.295990367376,12327177704274.543,10.161715011982968,13693777.286060182,-96.17112705380578,3139.8565560136317,45287.29599018484,24501017817833.027,10.161715011984333,,,,45287.29599033664,-99.29470311061037,10.161715011985697,6466313.203183342,116.29592893448559,1503.1286178998419,3.6737765185534954e-07,2.2325252757582348e-11,357645121.12294835,71322.1655760553,1.8483842723071575e-07,2.0961010704922955e-11,45287.29599009776,10.161715012016733,6421025.907193337,1492.9669028878452,2989567.688600343,666.525527622559,4.1188104660250247e-07,3.26076943224507e-11,620660577.3076602,130659.73048815218,2702333.5245140893,623.4914501084316,45287.29599012363,10.161715012023606,7920873.417695262,1845.374005858013,6091575.749596238,1353.5980196850721,4.4503394747152925e-08,0,1.028244156486835e-11,12340425.46863485,-95.30809875296137,2812.4810637727087,9.52604750636965e-08,-99.99999999999648,6.31494856406789e-13,,,,2702333.524513925,80.17388471775956,623.4914501084249,4202181.035015893,35.466476952570844,975.8985530785691,4.4503394747152925e-08,1.028244156486835e-11,263015456.1847119,59337.56491209688,2702333.5245139045,623.4914501084107,2.5876943254843354e-08,6.871836433219869e-12,1499847.510501925,352.40710297016784,3102008.0609958945,687.0724920625131,2024-10-24 17:40:57,0.00022438334614301387,49550.17741519587,999996007.31457,224382.45025089697,999996007.31457,224382.45025089697
